Timestamp,Instance,Ram size,Cpu size,Storage,Db size,Rows count,Avg Obj size,First stage count,Avg response time,Docs / ms,allowDiskUse,Cpu user,Cpu nice,Cpu system,Cpu iowait,Mem free,Mem used,Mem usage,other response times,,,,
1548445064752,t3.large,8,2,nvme1n1p1,9707263733,1980001,4902,1979793,23858,83,TRUE,,,,,,,23742,23898,23640,24012,23998,
1548445174911,t3.large,8,2,nvme1n1p1,9707263733,1980001,4902,1812227,21906,83,TRUE,,,,,,,21661,22214,21620,22379,21658,
1548445277842,t3.large,8,2,nvme1n1p1,9707263733,1980001,4902,1660064,20472,81,TRUE,,,,,,,19930,20693,20441,20746,20549,
1548445370492,t3.large,8,2,nvme1n1p1,9707263733,1980001,4902,1491906,18429,81,TRUE,,,,,,,18368,18355,19096,18430,17898,
1548445451547,t3.large,8,2,nvme1n1p1,9707263733,1980001,4902,1328906,16122,82,TRUE,,,,,,,16207,16023,15952,16092,16337,
1548445522542,t3.large,8,2,nvme1n1p1,9707263733,1980001,4902,1161258,14026,83,TRUE,,,,,,,13581,14092,14042,14274,14141,
1548445583126,t3.large,8,2,nvme1n1p1,9707263733,1980001,4902,998201,12047,83,TRUE,,,,,,,12070,12088,12086,11913,12076,
1548445634026,t3.large,8,2,nvme1n1p1,9707263733,1980001,4902,830723,10120,82,TRUE,,,,,,,10175,10178,9665,10288,10296,
1548445673563,t3.large,8,2,nvme1n1p1,9707263733,1980001,4902,662336,7863,84,TRUE,,,,,,,7677,8176,7647,8085,7731,
1548445703898,t3.large,8,2,nvme1n1p1,9707263733,1980001,4902,499673,6033,83,TRUE,,,,,,,6361,5836,6326,5843,5800,
1548445723656,t3.large,8,2,nvme1n1p1,9707263733,1980001,4902,331334,3927,84,TRUE,,,,,,,4276,3720,3761,3755,4121,
1548445731578,t3.large,8,2,nvme1n1p1,9707263733,1980001,4902,167841,1982,107,TRUE,,,,,,,1853,1547,1584,1471,1409,
1548447071123,t3.large,8,2,nvme1n1p1,905851713,1980001,457,1979966,9276,213,TRUE,,,,,,,9250,9280,8956,9411,9481,
1548447114476,t3.large,8,2,nvme1n1p1,905851713,1980001,457,1812325,8524,213,TRUE,,,,,,,8424,8719,8366,8730,8381,
1548447154779,t3.large,8,2,nvme1n1p1,905851713,1980001,457,1660393,7958,209,TRUE,,,,,,,8398,8253,7958,8154,7025,
1548447188609,t3.large,8,2,nvme1n1p1,905851713,1980001,457,1492743,6673,224,TRUE,,,,,,,6690,6545,6394,6706,7032,
1548447218690,t3.large,8,2,nvme1n1p1,905851713,1980001,457,1329473,5933,224,TRUE,,,,,,,6234,5712,6095,5696,5930,
1548447244512,t3.large,8,2,nvme1n1p1,905851713,1980001,457,1161450,5092,228,TRUE,,,,,,,5286,4801,4847,5206,5318,
1548447267283,t3.large,8,2,nvme1n1p1,905851713,1980001,457,998623,4491,222,TRUE,,,,,,,4573,4712,4212,4263,4695,
1548447285257,t3.large,8,2,nvme1n1p1,905851713,1980001,457,830430,3535,235,TRUE,,,,,,,3449,3491,3475,3561,3700,
1548447299949,t3.large,8,2,nvme1n1p1,905851713,1980001,457,661711,2896,228,TRUE,,,,,,,2786,2808,2807,3127,2953,
1548447311822,t3.large,8,2,nvme1n1p1,905851713,1980001,457,499116,2342,213,TRUE,,,,,,,2221,2375,2322,2391,2399,
1548447319258,t3.large,8,2,nvme1n1p1,905851713,1980001,457,331556,1427,232,TRUE,,,,,,,1465,1458,1433,1405,1374,
1548447322978,t3.large,8,2,nvme1n1p1,905851713,1980001,457,168392,733,230,TRUE,,,,,,,711,755,746,729,723,
1548456845866,t3.large,8,2,nvme1n1p1,4426419658,1980001,2235,1979491,21046,94,TRUE,,,,,,,21858,20776,20921,20916,20759,
1548456942053,t3.large,8,2,nvme1n1p1,4426419658,1980001,2235,1810533,19119,95,TRUE,,,,,,,19001,19277,18938,19169,19209,
1548457029939,t3.large,8,2,nvme1n1p1,4426419658,1980001,2235,1658707,17432,95,TRUE,,,,,,,17125,17660,17382,17300,17694,
1548457108733,t3.large,8,2,nvme1n1p1,4426419658,1980001,2235,1490323,15661,95,TRUE,,,,,,,15633,15629,15641,15828,15573,
1548457177809,t3.large,8,2,nvme1n1p1,4426419658,1980001,2235,1327404,13730,97,TRUE,,,,,,,13839,13230,14031,13916,13635,
1548457239335,t3.large,8,2,nvme1n1p1,4426419658,1980001,2235,1158843,12229,95,TRUE,,,,,,,11959,12004,12861,12406,11917,
1548457293046,t3.large,8,2,nvme1n1p1,4426419658,1980001,2235,996426,10659,93,TRUE,,,,,,,10654,10723,10624,10575,10717,
1548457337488,t3.large,8,2,nvme1n1p1,4426419658,1980001,2235,828481,8834,94,TRUE,,,,,,,8721,8582,9026,8710,9133,
1548457371668,t3.large,8,2,nvme1n1p1,4426419658,1980001,2235,660449,6790,97,TRUE,,,,,,,6868,6963,6550,6994,6576,
1548457397641,t3.large,8,2,nvme1n1p1,4426419658,1980001,2235,497854,5162,96,TRUE,,,,,,,5204,5172,5052,5449,4933,
1548457413965,t3.large,8,2,nvme1n1p1,4426419658,1980001,2235,330051,3242,102,TRUE,,,,,,,3256,3200,3590,3105,3059,
1548457420776,t3.large,8,2,nvme1n1p1,4426419658,1980001,2235,167611,1351,124,TRUE,,,,,,,1619,1374,1346,1219,1196,
1548497393545,t3.large,8,2,nvme1n1p1,2666133334,1980001,1346,1979949,12245,162,TRUE,,,,,,,13171,12436,11822,12810,10985,
1548497450180,t3.large,8,2,nvme1n1p1,2666133334,1980001,1346,1811879,11213,162,TRUE,,,,,,,10802,11384,11226,11323,11332,
1548497501270,t3.large,8,2,nvme1n1p1,2666133334,1980001,1346,1660004,10116,164,TRUE,,,,,,,10265,9886,10025,10210,10192,
1548497546048,t3.large,8,2,nvme1n1p1,2666133334,1980001,1346,1492301,8805,169,TRUE,,,,,,,9024,9080,8812,8919,8192,
1548497583393,t3.large,8,2,nvme1n1p1,2666133334,1980001,1346,1329699,7379,180,TRUE,,,,,,,7742,7106,7433,7108,7505,
1548497615647,t3.large,8,2,nvme1n1p1,2666133334,1980001,1346,1161294,6376,182,TRUE,,,,,,,6533,6436,6117,6587,6208,
1548497642782,t3.large,8,2,nvme1n1p1,2666133334,1980001,1346,997991,5363,186,TRUE,,,,,,,5277,5585,5145,5635,5175,
1548497665625,t3.large,8,2,nvme1n1p1,2666133334,1980001,1346,829542,4514,184,TRUE,,,,,,,4587,5033,4234,4387,4330,
1548497684419,t3.large,8,2,nvme1n1p1,2666133334,1980001,1346,661379,3716,178,TRUE,,,,,,,3953,3650,3615,3542,3819,
1548497697938,t3.large,8,2,nvme1n1p1,2666133334,1980001,1346,498976,2671,187,TRUE,,,,,,,2579,2624,2636,2588,2928,
1548497706886,t3.large,8,2,nvme1n1p1,2666133334,1980001,1346,330726,1767,187,TRUE,,,,,,,1693,1722,1813,1798,1810,
1548497711291,t3.large,8,2,nvme1n1p1,2666133334,1980001,1346,167954,870,193,TRUE,,,,,,,920,886,915,813,815,
1548502637103,t3.large,8,2,nvme1n1p1,2666133334,1980001,1346,5093,29,173,TRUE,,,,,,,35,28,25,32,27,
1548502637376,t3.large,8,2,nvme1n1p1,2666133334,1980001,1346,10542,54,197,TRUE,,,,,,,55,54,51,54,54,
1548502638036,t3.large,8,2,nvme1n1p1,2666133334,1980001,1346,26801,130,206,TRUE,,,,,,,144,125,126,129,125,
1548502639316,t3.large,8,2,nvme1n1p1,2666133334,1980001,1346,53803,252,214,TRUE,,,,,,,260,253,242,258,246,
1548502641246,t3.large,8,2,nvme1n1p1,2666133334,1980001,1346,81089,380,213,TRUE,,,,,,,394,382,379,381,365,
1548502644533,t3.large,8,2,nvme1n1p1,2666133334,1980001,1346,135144,648,209,TRUE,,,,,,,669,649,634,610,678,
1548502648770,t3.large,8,2,nvme1n1p1,2666133334,1980001,1346,162258,836,194,TRUE,,,,,,,755,772,1021,872,762,
1548502656915,t3.large,8,2,nvme1n1p1,2666133334,1980001,1346,325002,1606,202,TRUE,,,,,,,1559,1560,1665,1641,1607,
1548502669690,t3.large,8,2,nvme1n1p1,2666133334,1980001,1346,487792,2521,194,TRUE,,,,,,,2543,2837,2475,2348,2401,
1548502686880,t3.large,8,2,nvme1n1p1,2666133334,1980001,1346,650218,3394,192,TRUE,,,,,,,3235,3263,3629,3399,3445,
1548502708733,t3.large,8,2,nvme1n1p1,2666133334,1980001,1346,812999,4315,188,TRUE,,,,,,,4414,4361,4066,4116,4616,
1548502734079,t3.large,8,2,nvme1n1p1,2666133334,1980001,1346,975826,5002,195,TRUE,,,,,,,5088,4862,5239,4950,4872,
1548502764105,t3.large,8,2,nvme1n1p1,2666133334,1980001,1346,1139053,5915,193,TRUE,,,,,,,6176,6017,6265,5555,5563,
1548502797625,t3.large,8,2,nvme1n1p1,2666133334,1980001,1346,1302412,6603,197,TRUE,,,,,,,6782,6497,6710,6236,6790,
1548502837948,t3.large,8,2,nvme1n1p1,2666133334,1980001,1346,1464858,7970,184,TRUE,,,,,,,7631,8265,7651,8235,8066,
1548502882969,t3.large,8,2,nvme1n1p1,2666133334,1980001,1346,1627215,8897,183,TRUE,,,,,,,9346,8484,9068,9041,8544,
1548502932967,t3.large,8,2,nvme1n1p1,2666133334,1980001,1346,1790080,9880,181,TRUE,,,,,,,10010,10141,9396,9902,9950,
1548502983629,t3.large,8,2,nvme1n1p1,2666133334,1980001,1346,1952296,10003,195,TRUE,,,,,,,10016,10045,10339,9467,10148,
1548504548304,t3.large,8,2,nvme1n1p1,9707263733,1980001,4902,1456,214,7,TRUE,,,,,,,1028,11,11,10,10,
1548504551416,t3.large,8,2,nvme1n1p1,9707263733,1980001,4902,6787,621,11,TRUE,,,,,,,2979,35,31,31,31,
1548504558888,t3.large,8,2,nvme1n1p1,9707263733,1980001,4902,23289,1492,16,TRUE,,,,,,,7043,106,99,106,107,
1548504571522,t3.large,8,2,nvme1n1p1,9707263733,1980001,4902,50227,2523,20,TRUE,,,,,,,11680,223,205,284,222,
1548504583532,t3.large,8,2,nvme1n1p1,9707263733,1980001,4902,77298,2396,32,TRUE,,,,,,,10504,460,344,341,332,
1548504607738,t3.large,8,2,nvme1n1p1,9707263733,1980001,4902,131525,4832,27,TRUE,,,,,,,19376,1331,1206,1142,1104,
1548504623491,t3.large,8,2,nvme1n1p1,9707263733,1980001,4902,158722,3137,51,TRUE,,,,,,,9829,1516,1444,1430,1466,
1548504678127,t3.large,8,2,nvme1n1p1,9707263733,1980001,4902,322110,10903,30,TRUE,,,,,,,37920,4715,4066,4201,3615,
1548504728123,t3.large,8,2,nvme1n1p1,9707263733,1980001,4902,484848,9962,49,TRUE,,,,,,,25092,6564,5997,6151,6007,
1548504777914,t3.large,8,2,nvme1n1p1,9707263733,1980001,4902,647834,9912,65,TRUE,,,,,,,16449,9025,7941,7948,8199,
1548504830322,t3.large,8,2,nvme1n1p1,9707263733,1980001,4902,810726,10426,78,TRUE,,,,,,,12068,10165,10127,9752,10016,
1548504891443,t3.large,8,2,nvme1n1p1,9707263733,1980001,4902,973022,12157,80,TRUE,,,,,,,12806,12254,12106,11664,11957,
1548504962395,t3.large,8,2,nvme1n1p1,9707263733,1980001,4902,1135719,14114,80,TRUE,,,,,,,14476,14198,13994,13970,13933,
1548505043138,t3.large,8,2,nvme1n1p1,9707263733,1980001,4902,1298038,16060,81,TRUE,,,,,,,16145,16005,15947,16189,16016,
1548505133615,t3.large,8,2,nvme1n1p1,9707263733,1980001,4902,1461014,17992,81,TRUE,,,,,,,18167,17995,18103,17756,17941,
1548505235108,t3.large,8,2,nvme1n1p1,9707263733,1980001,4902,1623678,20188,80,TRUE,,,,,,,20471,19772,19774,20715,20209,
1548505348712,t3.large,8,2,nvme1n1p1,9707263733,1980001,4902,1786698,22599,79,TRUE,,,,,,,22803,22419,22836,22349,22589,
1548505469667,t3.large,8,2,nvme1n1p1,9707263733,1980001,4902,1949300,24058,81,TRUE,,,,,,,23490,24407,23760,24180,24453,
1548571895326,t2.medium,4,2,ebs-gp2-300-iops,905879429,1980001,457,3076,29,107,TRUE,,,,,,,66,21,20,19,18,
1548571895630,t2.medium,4,2,ebs-gp2-300-iops,905879429,1980001,457,8592,60,144,TRUE,,,,,,,93,52,50,49,54,
1548571896488,t2.medium,4,2,ebs-gp2-300-iops,905879429,1980001,457,25064,169,148,TRUE,,,,,,,233,142,142,172,157,
1548571898192,t2.medium,4,2,ebs-gp2-300-iops,905879429,1980001,457,52015,336,155,TRUE,,,,,,,415,294,414,281,278,
1548571900754,t2.medium,4,2,ebs-gp2-300-iops,905879429,1980001,457,78990,505,156,TRUE,,,,,,,578,421,545,428,555,
1548571905138,t2.medium,4,2,ebs-gp2-300-iops,905879429,1980001,457,133432,866,154,TRUE,,,,,,,946,869,773,861,879,
1548571910269,t2.medium,4,2,ebs-gp2-300-iops,905879429,1980001,457,160491,1013,158,TRUE,,,,,,,1044,1007,1006,1032,977,
1548571920708,t2.medium,4,2,ebs-gp2-300-iops,905879429,1980001,457,323086,2061,157,TRUE,,,,,,,1998,1955,2034,2224,2093,
1548571935252,t2.medium,4,2,ebs-gp2-300-iops,905879429,1980001,457,486126,2869,169,TRUE,,,,,,,2995,2796,2851,2851,2853,
1548571954093,t2.medium,4,2,ebs-gp2-300-iops,905879429,1980001,457,648392,3716,174,TRUE,,,,,,,3780,3750,3693,3669,3688,
1548571975927,t2.medium,4,2,ebs-gp2-300-iops,905879429,1980001,457,811211,4302,189,TRUE,,,,,,,4416,4220,4279,4288,4305,
1548572002333,t2.medium,4,2,ebs-gp2-300-iops,905879429,1980001,457,974632,5204,187,TRUE,,,,,,,5145,5268,5209,5232,5167,
1548572032907,t2.medium,4,2,ebs-gp2-300-iops,905879429,1980001,457,1137713,6025,189,TRUE,,,,,,,6013,6006,6028,5995,6083,
1548572068544,t2.medium,4,2,ebs-gp2-300-iops,905879429,1980001,457,1300415,7025,185,TRUE,,,,,,,6980,7075,6976,6998,7095,
1548572109266,t2.medium,4,2,ebs-gp2-300-iops,905879429,1980001,457,1462831,8026,182,TRUE,,,,,,,8139,7982,7994,7910,8105,
1548572153771,t2.medium,4,2,ebs-gp2-300-iops,905879429,1980001,457,1625869,8772,185,TRUE,,,,,,,8842,8660,8783,8838,8737,
1548572202945,t2.medium,4,2,ebs-gp2-300-iops,905879429,1980001,457,1788342,9692,185,TRUE,,,,,,,9700,9925,9678,9582,9573,
1548572256151,t2.medium,4,2,ebs-gp2-300-iops,905879429,1980001,457,1950380,10485,186,TRUE,,,,,,,10417,10458,10581,10532,10438,
1548593092091,Atlas FreeTier AWS,shared,shared,512mb,402416588,180001,2235,505,92,6,TRUE,,,,,,,95,91,91,90,91,
1548593092603,Atlas FreeTier AWS,shared,shared,512mb,402416588,180001,2235,971,95,10,TRUE,,,,,,,95,93,96,94,95,
1548593093163,Atlas FreeTier AWS,shared,shared,512mb,402416588,180001,2235,2458,104,24,TRUE,,,,,,,103,102,110,103,102,
1548593093783,Atlas FreeTier AWS,shared,shared,512mb,402416588,180001,2235,4882,116,42,TRUE,,,,,,,121,117,115,113,113,
1548593094489,Atlas FreeTier AWS,shared,shared,512mb,402416588,180001,2235,7331,133,55,TRUE,,,,,,,128,129,127,131,148,
1548593095318,Atlas FreeTier AWS,shared,shared,512mb,402416588,180001,2235,12261,156,79,TRUE,,,,,,,158,154,156,156,154,
1548593096239,Atlas FreeTier AWS,shared,shared,512mb,402416588,180001,2235,14749,175,84,TRUE,,,,,,,167,170,198,170,171,
1548593097520,Atlas FreeTier AWS,shared,shared,512mb,402416588,180001,2235,29385,246,120,TRUE,,,,,,,243,247,246,245,248,
1548593099191,Atlas FreeTier AWS,shared,shared,512mb,402416588,180001,2235,44340,322,138,TRUE,,,,,,,330,321,325,315,318,
1548593101253,Atlas FreeTier AWS,shared,shared,512mb,402416588,180001,2235,59200,399,148,TRUE,,,,,,,386,390,409,398,412,
1548593104221,Atlas FreeTier AWS,shared,shared,512mb,402416588,180001,2235,73943,579,128,TRUE,,,,,,,708,552,557,537,541,
1548593107500,Atlas FreeTier AWS,shared,shared,512mb,402416588,180001,2235,88810,640,139,TRUE,,,,,,,669,658,609,666,599,
1548593111063,Atlas FreeTier AWS,shared,shared,512mb,402416588,180001,2235,103586,695,149,TRUE,,,,,,,741,688,671,693,684,
1548593114921,Atlas FreeTier AWS,shared,shared,512mb,402416588,180001,2235,118515,753,157,TRUE,,,,,,,715,764,772,763,749,
1548593119298,Atlas FreeTier AWS,shared,shared,512mb,402416588,180001,2235,133214,846,157,TRUE,,,,,,,847,839,842,821,882,
1548593123957,Atlas FreeTier AWS,shared,shared,512mb,402416588,180001,2235,147985,910,163,TRUE,,,,,,,898,909,901,921,923,
1548593129062,Atlas FreeTier AWS,shared,shared,512mb,402416588,180001,2235,162881,997,163,TRUE,,,,,,,997,973,1001,1006,1008,
1548593134621,Atlas FreeTier AWS,shared,shared,512mb,402416588,180001,2235,177496,1088,163,TRUE,,,,,,,1058,1090,1074,1101,1117,
1548593684378,Atlas FreeTier AWS,shared,shared,512mb,178433042,390001,457,995,93,11,TRUE,,,,,,,96,92,91,93,93,
1548593684921,Atlas FreeTier AWS,shared,shared,512mb,178433042,390001,457,2042,101,20,TRUE,,,,,,,99,100,100,99,105,
1548593685606,Atlas FreeTier AWS,shared,shared,512mb,178433042,390001,457,5330,129,41,TRUE,,,,,,,134,131,131,129,118,
1548593686377,Atlas FreeTier AWS,shared,shared,512mb,178433042,390001,457,10542,145,73,TRUE,,,,,,,146,144,145,146,146,
1548593687421,Atlas FreeTier AWS,shared,shared,512mb,178433042,390001,457,15903,200,80,TRUE,,,,,,,174,217,216,212,179,
1548593688718,Atlas FreeTier AWS,shared,shared,512mb,178433042,390001,457,26562,249,107,TRUE,,,,,,,298,233,233,243,238,
1548593690110,Atlas FreeTier AWS,shared,shared,512mb,178433042,390001,457,31808,268,119,TRUE,,,,,,,287,263,264,257,267,
1548593692329,Atlas FreeTier AWS,shared,shared,512mb,178433042,390001,457,64042,430,149,TRUE,,,,,,,449,428,426,424,424,
1548593695838,Atlas FreeTier AWS,shared,shared,512mb,178433042,390001,457,96070,686,140,TRUE,,,,,,,619,832,666,656,656,
1548593700262,Atlas FreeTier AWS,shared,shared,512mb,178433042,390001,457,128299,866,148,TRUE,,,,,,,857,844,833,891,903,
1548593705653,Atlas FreeTier AWS,shared,shared,512mb,178433042,390001,457,160627,1039,155,TRUE,,,,,,,1096,1088,1042,966,1005,
1548593711813,Atlas FreeTier AWS,shared,shared,512mb,178433042,390001,457,192759,1207,160,TRUE,,,,,,,1181,1219,1210,1181,1243,
1548593718634,Atlas FreeTier AWS,shared,shared,512mb,178433042,390001,457,224813,1338,168,TRUE,,,,,,,1371,1289,1331,1343,1354,
1548593726216,Atlas FreeTier AWS,shared,shared,512mb,178433042,390001,457,256639,1487,173,TRUE,,,,,,,1503,1492,1466,1491,1481,
1548593734641,Atlas FreeTier AWS,shared,shared,512mb,178433042,390001,457,288692,1652,175,TRUE,,,,,,,1641,1627,1668,1700,1626,
1548593744160,Atlas FreeTier AWS,shared,shared,512mb,178433042,390001,457,320640,1868,172,TRUE,,,,,,,1868,1893,1853,1878,1847,
1548593754961,Atlas FreeTier AWS,shared,shared,512mb,178433042,390001,457,352435,2121,166,TRUE,,,,,,,2080,2114,2444,1988,1979,
1548593766471,Atlas FreeTier AWS,shared,shared,512mb,178433042,390001,457,384559,2261,170,TRUE,,,,,,,2163,2227,2287,2263,2365,
1548590526195,t3.large,8,2,nvme1n1p1,53547391939,19980001,2680,18574,1953,10,TRUE,,,,,,,9189,262,105,106,105,
1548590550739,t3.large,8,2,nvme1n1p1,53547391939,19980001,2680,73104,4903,15,TRUE,,,,,,,20357,1461,1032,835,831,
1548590626693,t3.large,8,2,nvme1n1p1,53547391939,19980001,2680,237673,15169,16,TRUE,,,,,,,59472,4326,4311,4345,3393,
1548591021282,t3.large,8,2,nvme1n1p1,53547391939,19980001,2680,511438,78884,6,TRUE,,,,,,,98321,98636,52012,53263,92186,
1548592001080,t3.large,8,2,nvme1n1p1,53547391939,19980001,2680,784839,195903,4,TRUE,,,,,,,161383,213142,209498,204361,191130,
1548593066102,t2.medium,4,2,ebs-gp2-300-iops,9707010788,1980001,4902,27044,906,30,TRUE,,,,,,,3205,343,340,324,318,
1548593075428,t2.medium,4,2,ebs-gp2-300-iops,9707010788,1980001,4902,54186,1860,29,TRUE,,,,,,,5312,1124,967,1092,805,
1548593086786,t2.medium,4,2,ebs-gp2-300-iops,9707010788,1980001,4902,81236,2264,36,TRUE,,,,,,,5788,1414,1401,1394,1324,
1548593108910,t2.medium,4,2,ebs-gp2-300-iops,9707010788,1980001,4902,135223,4413,31,TRUE,,,,,,,11203,2679,2729,2737,2716,
1548593130077,t2.medium,4,2,ebs-gp2-300-iops,9707010788,1980001,4902,162378,4219,38,TRUE,,,,,,,7721,3268,3327,3354,3424,
1548593192399,t2.medium,4,2,ebs-gp2-300-iops,9707010788,1980001,4902,324441,12436,26,TRUE,,,,,,,33584,7284,7121,7109,7081,
1548593265613,t2.medium,4,2,ebs-gp2-300-iops,9707010788,1980001,4902,486929,14601,33,TRUE,,,,,,,29080,12764,10417,10395,10349,
1548593644811,t2.medium,4,2,ebs-gp2-300-iops,9707010788,1980001,4902,650268,75783,9,TRUE,,,,,,,25869,44014,111645,99837,97552,
1548594114273,t2.medium,4,2,ebs-gp2-300-iops,9707010788,1980001,4902,813476,93818,9,TRUE,,,,,,,111790,90869,86700,92369,87362,
1548594546346,t2.medium,4,2,ebs-gp2-300-iops,9707010788,1980001,4902,976351,86320,11,TRUE,,,,,,,98845,82288,82690,84143,83635,
1548595017639,t2.medium,4,2,ebs-gp2-300-iops,9707010788,1980001,4902,1138609,94155,12,TRUE,,,,,,,97929,87145,98410,92224,95067,
1548596650540,docker,8,4,APPLE SSD AP0256J,905859171,1980001,457,5444,54,101,TRUE,,,,,,,64,48,48,55,55,
1548596651316,docker,8,4,APPLE SSD AP0256J,905859171,1980001,457,10787,152,71,TRUE,,,,,,,123,200,139,138,160,
1548596652814,docker,8,4,APPLE SSD AP0256J,905859171,1980001,457,27037,291,93,TRUE,,,,,,,380,304,258,300,211,
1548596655185,docker,8,4,APPLE SSD AP0256J,905859171,1980001,457,54283,466,117,TRUE,,,,,,,387,681,461,418,381,
1548596658470,docker,8,4,APPLE SSD AP0256J,905859171,1980001,457,81694,646,126,TRUE,,,,,,,564,552,542,773,799,
1548596664020,docker,8,4,APPLE SSD AP0256J,905859171,1980001,457,135840,1088,125,TRUE,,,,,,,955,988,977,1492,1030,
1548596671559,docker,8,4,APPLE SSD AP0256J,905859171,1980001,457,163086,1486,110,TRUE,,,,,,,1215,1167,1338,2252,1458,
1548596684618,docker,8,4,APPLE SSD AP0256J,905859171,1980001,457,325422,2559,127,TRUE,,,,,,,2873,2873,3205,1996,1847,
1548596699024,docker,8,4,APPLE SSD AP0256J,905859171,1980001,457,487885,2825,173,TRUE,,,,,,,3003,2848,2775,2779,2719,
1548596718839,docker,8,4,APPLE SSD AP0256J,905859171,1980001,457,650624,3890,167,TRUE,,,,,,,3923,3881,3878,3934,3836,
1548596743604,docker,8,4,APPLE SSD AP0256J,905859171,1980001,457,813681,4862,167,TRUE,,,,,,,4874,4743,4964,4851,4879,
1548596772643,docker,8,4,APPLE SSD AP0256J,905859171,1980001,457,976216,5700,171,TRUE,,,,,,,5729,5864,5766,5476,5667,
1548596805522,docker,8,4,APPLE SSD AP0256J,905859171,1980001,457,1139018,6455,176,TRUE,,,,,,,6741,6436,6319,6287,6493,
1548596844831,docker,8,4,APPLE SSD AP0256J,905859171,1980001,457,1301770,7724,169,TRUE,,,,,,,7822,7713,7732,7868,7485,
1548596887510,docker,8,4,APPLE SSD AP0256J,905859171,1980001,457,1464679,8384,175,TRUE,,,,,,,8228,8220,8197,8539,8738,
1548596935860,docker,8,4,APPLE SSD AP0256J,905859171,1980001,457,1627074,9498,171,TRUE,,,,,,,9672,9362,9186,9576,9696,
1548596988167,docker,8,4,APPLE SSD AP0256J,905859171,1980001,457,1789713,10273,174,TRUE,,,,,,,10588,10659,10024,10051,10043,
1548597045497,docker,8,4,APPLE SSD AP0256J,905859171,1980001,457,1952603,11262,173,TRUE,,,,,,,11799,11437,11166,10866,11044,
1548745528157,t3.large,8,2,nvme1n1p1,4426419658,1980001,2235,0,1.2,0,TRUE,,,,,,,2,1,1,1,1,
1548745528164,t3.large,8,2,nvme1n1p1,4426419658,1980001,2235,0,0.4,0,TRUE,,,,,,,1,1,0,0,0,
1548745697648,t3.large,8,2,nvme1n1p1,4426419658,1980001,2235,8481,33895.8,0,TRUE,,,,,,,169255,55,57,56,56,
1548745717223,t3.large,8,2,nvme1n1p1,4426419658,1980001,2235,35843,3911,9,TRUE,,,,,,,18693,207,229,217,209,
1548745730042,t3.large,8,2,nvme1n1p1,4426419658,1980001,2235,62639,2528.4,25,TRUE,,,,,,,11196,350,344,398,354,
1548745753392,t3.large,8,2,nvme1n1p1,4426419658,1980001,2235,116715,4646.4,25,TRUE,,,,,,,17322,2192,1598,1179,941,
1548745766305,t3.large,8,2,nvme1n1p1,4426419658,1980001,2235,144044,2541.4,57,TRUE,,,,,,,6592,1509,1325,1385,1896,
1548745803284,t3.large,8,2,nvme1n1p1,4426419658,1980001,2235,306325,7310.2,42,TRUE,,,,,,,19891,5172,4207,3857,3424,
1548745834567,t3.large,8,2,nvme1n1p1,4426419658,1980001,2235,468944,6187.4,76,TRUE,,,,,,,9033,5516,5285,5834,5269,
1548745873462,t3.large,8,2,nvme1n1p1,4426419658,1980001,2235,631553,7675.8,82,TRUE,,,,,,,8635,7203,7586,7290,7665,
1548745920632,t3.large,8,2,nvme1n1p1,4426419658,1980001,2235,793981,9309.6,85,TRUE,,,,,,,9295,9433,9425,8954,9441,
1548745989970,t3.large,8,2,nvme1n1p1,4426419658,1980001,2235,956518,13727.8,70,TRUE,,,,,,,23473,11681,11426,11168,10891,
1548746057862,t3.large,8,2,nvme1n1p1,4426419658,1980001,2235,1119150,13337.8,84,TRUE,,,,,,,13099,13619,13418,13347,13206,
1548746134740,t3.large,8,2,nvme1n1p1,4426419658,1980001,2235,1281885,15252.4,84,TRUE,,,,,,,15107,15273,15205,15252,15425,
1548746221634,t3.large,8,2,nvme1n1p1,4426419658,1980001,2235,1445022,17208,84,TRUE,,,,,,,17278,17536,17503,16818,16905,
1548746318450,t3.large,8,2,nvme1n1p1,4426419658,1980001,2235,1607721,19160.6,84,TRUE,,,,,,,18904,18928,19292,19287,19392,
1548746428335,t3.large,8,2,nvme1n1p1,4426419658,1980001,2235,1770677,21783.8,81,TRUE,,,,,,,21662,21654,21657,21503,22443,
1548746553799,t3.large,8,2,nvme1n1p1,4426419658,1980001,2235,1934209,24873.8,78,TRUE,,,,,,,23760,23940,23987,23805,28877,
1548792433118,t3.large,8,2,nvme1n1p1,4426419658,1980001,2235,0,17.8,0,TRUE,0.415,0,0.75,0,147176.5,7923919.5,98.175,14,12,21,14,28
1548792463378,t3.large,8,2,nvme1n1p1,4426419658,1980001,2235,0,12.2,0,TRUE,1.415,0,1.16,0,136951,7934145,98.3,11,11,18,11,10
1548792493658,t3.large,8,2,nvme1n1p1,4426419658,1980001,2235,5639,189,30,TRUE,3,0,1.085,8.66,156532,7914564,98.06,639,124,74,55,53
1548792523962,t3.large,8,2,nvme1n1p1,4426419658,1980001,2235,32823,832,39,TRUE,8.965,0,2.345,41.125,128385.5,7942710.5,98.41,3098,219,357,255,231
1548792554217,t3.large,8,2,nvme1n1p1,4426419658,1980001,2235,59804,1063,56,TRUE,12.74,0,1.76,37.72,138442,7932654,98.285,2923,499,552,647,694
1548792585693,t3.large,8,2,nvme1n1p1,4426419658,1980001,2235,113793,2835.2,40,TRUE,13.49,0,1.415,35.8,129515.5,7941580.5,98.4,7233,1740,2284,1385,1534
1548792615994,t3.large,8,2,nvme1n1p1,4426419658,1980001,2235,141031,1952.6,72,TRUE,22.235,0,1.5,18.815,157222,7913874,98.05,2448,2206,1750,1549,1810
1548792659209,t3.large,8,2,nvme1n1p1,4426419658,1980001,2235,303402,7573,40,TRUE,25.1,0,0.99,25.43,149278,7921818,98.15,14784,10103,4884,3995,4099
1548792690880,t3.large,8,2,nvme1n1p1,4426419658,1980001,2235,466068,6090.4,77,TRUE,52.705,0,3.91,3.825,136467,7934629,98.31,6942,6311,5654,5492,6053
1548792730814,t3.large,8,2,nvme1n1p1,4426419658,1980001,2235,628539,7924.4,79,TRUE,56.085,0,5.035,0,138557.5,7932538.5,98.285,7784,8118,7635,8193,7892
1548792780608,t3.large,8,2,nvme1n1p1,4426419658,1980001,2235,790996,9863.4,80,TRUE,53.825,0,5.3,0,128482,7942614,98.41,9519,9896,10077,9720,10105
1548792840585,t3.large,8,2,nvme1n1p1,4426419658,1980001,2235,953604,11906.2,80,TRUE,58.2,0,4.875,0,156473,7914623,98.06,12081,11434,11919,12081,12016
1548792911165,t3.large,8,2,nvme1n1p1,4426419658,1980001,2235,1116213,14015.2,80,TRUE,58.595,0,4.19,0,149388.5,7921707.5,98.15,14114,14052,13790,13984,14136
1548792992891,t3.large,8,2,nvme1n1p1,4426419658,1980001,2235,1278986,16229.4,79,TRUE,54.875,0,3.695,0,143219.5,7927876.5,98.225,15930,16176,15984,16306,16751
1548793086600,t3.large,8,2,nvme1n1p1,4426419658,1980001,2235,1442092,18611.8,77,TRUE,54.765,0,4.265,0,126695.5,7944400.5,98.43,18293,18153,18329,17893,20391
1548793193902,t3.large,8,2,nvme1n1p1,4426419658,1980001,2235,1604795,21304.6,75,TRUE,55.295,0,5.005,0,143989.5,7927106.5,98.215,23938,22767,20374,19733,19711
1548793308083,t3.large,8,2,nvme1n1p1,4426419658,1980001,2235,1767725,22677.4,78,TRUE,70.64,0,5.54,0,139240,7931856,98.275,22768,22180,23136,22914,22389
1548793429051,t3.large,8,2,nvme1n1p1,4426419658,1980001,2235,1931307,24025.2,80,TRUE,55.48,0,4.355,0,139657.5,7931438.5,98.27,24027,23703,24144,23973,24279
1548832690207,t3.large,8,2,nvme1n1p1,4426419658,1980001,2235,0,4,0,TRUE,4.18,0,1.188,0.98,136716.8,7934379.2,98.306,9,2,3,3,3
1548832700401,t3.large,8,2,nvme1n1p1,4426419658,1980001,2235,0,2.2,0,TRUE,10.018,0,1.302,0.598,134154.4,7936941.6,98.338,3,2,2,2,2
1548832710566,t3.large,8,2,nvme1n1p1,4426419658,1980001,2235,3055,133.6,23,TRUE,9.408,0,2.396,4.636,139052,7932044,98.276,559,28,27,27,27
1548832728860,t3.large,8,2,nvme1n1p1,4426419658,1980001,2235,30274,1091.8,28,TRUE,14.474,0,1.356,8.3,139070.4,7932025.6,98.276,4158,404,320,302,275
1548832744434,t3.large,8,2,nvme1n1p1,4426419658,1980001,2235,57226,1110.8,52,TRUE,25.826,0,1.71,6.568,141972,7929124,98.242,3421,553,560,495,525
1548832770112,t3.large,8,2,nvme1n1p1,4426419658,1980001,2235,111237,2426.2,46,TRUE,36.96,0,3.42,8.462,143111.2,7927984.8,98.226,5482,2832,1272,1300,1245
1548832793711,t3.large,8,2,nvme1n1p1,4426419658,1980001,2235,138507,2337.6,59,TRUE,46.104,0,3.442,2.288,139178.4,7931917.6,98.276,5403,1503,1494,1484,1804
1548832981867,t3.large,8,2,nvme1n1p1,4426419658,1980001,2235,300985,6817.2,44,TRUE,46.412,0,4.632,0.148,147210.4,7923885.6,98.174,15020,5316,4875,4325,4550
1548833131308,t3.large,8,2,nvme1n1p1,4426419658,1980001,2235,463506,6436,72,TRUE,48.39,0,4.368,0.05,144657.6,7926438.4,98.21,6838,6682,6019,6370,6271
1548833279719,t3.large,8,2,nvme1n1p1,4426419658,1980001,2235,625948,8589.8,73,TRUE,45.79,0,3.834,0.03,155831,7915265,98.068,8025,8806,8639,8711,8768
1548833471968,t3.large,8,2,nvme1n1p1,4426419658,1980001,2235,788423,12984.4,61,TRUE,43.304,0,3.788,5.83,138807.6,7932288.4,98.278,9519,11317,22288,11159,10639
1548833707388,t3.large,8,2,nvme1n1p1,4426419658,1980001,2235,950977,16894.8,56,TRUE,42.188,0,4.772,25.364,135750.2,7935345.8,98.318,11857,12246,23047,16108,21216
1548834237388,t3.large,8,2,nvme1n1p1,4426419658,1980001,2235,1113743,43620.6,26,TRUE,25.056,0,3.216,63.106,140933.4,7930162.6,98.254,19436,18462,79998,20287,79920
1548834147927,t2.medium,4,2,ebs-gp2-300-iops,4426438988,1980001,2235,5318,202.8,26,TRUE,2.158,0,0.314,7.272,130447.2,3914596.8,96.776,874,35,35,35,35
1548834158059,t2.medium,4,2,ebs-gp2-300-iops,4426438988,1980001,2235,10842,262.6,41,TRUE,5.734,0,0.306,7.272,115193.6,3929850.4,97.152,928,98,99,93,95
1548834172882,t2.medium,4,2,ebs-gp2-300-iops,4426438988,1980001,2235,27375,730.4,37,TRUE,10.234,0,0.518,7.868,136487.2,3908556.8,96.624,2713,261,237,218,223
1548834191284,t2.medium,4,2,ebs-gp2-300-iops,4426438988,1980001,2235,54317,1381.8,39,TRUE,25.404,0,1.602,6.486,106494.4,3938549.6,97.368,4281,624,664,673,667
1548834212511,t2.medium,4,2,ebs-gp2-300-iops,4426438988,1980001,2235,81354,2062.4,39,TRUE,43.384,0,2.666,3.334,110018.4,3935025.6,97.28,5085,1487,1261,1240,1239
1548834326370,t2.medium,4,2,ebs-gp2-300-iops,4426438988,1980001,2235,135667,3868.2,35,TRUE,39.194,0,2.724,0.002,135304.6,3909739.4,96.654,9135,2549,2569,2539,2549
1548834409760,t2.medium,4,2,ebs-gp2-300-iops,4426438988,1980001,2235,162530,4013.6,40,TRUE,41.762,0,3.436,0.718,127859.2,3917184.8,96.84,5874,3205,3355,3887,3747
1548834650474,t2.medium,4,2,ebs-gp2-300-iops,4426438988,1980001,2235,324868,8618,38,TRUE,32.614,0,2.18,0.006,144565.8,3900478.2,96.426,13057,7634,7456,7417,7526
1548834842418,t2.medium,4,2,ebs-gp2-300-iops,4426438988,1980001,2235,487639,11241,43,TRUE,43.78,0,3.378,0,170832.8,3874211.2,95.776,11605,11212,11173,11045,11170
1548835097758,t2.medium,4,2,ebs-gp2-300-iops,4426438988,1980001,2235,650323,14815.4,44,TRUE,43.424,0,3.422,0.004,166715.4,3878328.6,95.878,14927,14829,14771,14796,14754
1548835416733,t2.medium,4,2,ebs-gp2-300-iops,4426438988,1980001,2235,812786,18425.6,44,TRUE,41.49,0,3.194,0.004,167762.4,3877281.6,95.854,18488,18448,18506,18245,18441
1548835789408,t2.medium,4,2,ebs-gp2-300-iops,4426438988,1980001,2235,976041,22260.4,44,TRUE,43.03,0,3.384,0.008,167518.4,3877525.6,95.858,22104,22745,22270,22021,22162
1548836225942,t2.medium,4,2,ebs-gp2-300-iops,4426438988,1980001,2235,1138647,25628,44,TRUE,44.04,0,3.354,0,165277.8,3879766.2,95.914,25880,25450,25644,25547,25619
1548836725915,t2.medium,4,2,ebs-gp2-300-iops,4426438988,1980001,2235,1301246,29345.4,44,TRUE,43.244,0,3.432,0.006,170474.6,3874569.4,95.786,29253,29124,29483,29445,29422
1548837299792,t2.medium,4,2,ebs-gp2-300-iops,4426438988,1980001,2235,1464042,33112,44,TRUE,42.116,0,3.498,0.006,143809.8,3901234.2,96.446,33075,33095,33080,33345,32965
1548837917761,t2.medium,4,2,ebs-gp2-300-iops,4426438988,1980001,2235,1627653,36931.6,44,TRUE,43.798,0,3.4,0.004,142045.6,3902998.4,96.49,37081,36621,37220,36878,36858
1548838609441,t2.medium,4,2,ebs-gp2-300-iops,4426438988,1980001,2235,1790521,40947.4,44,TRUE,43.594,0,3.646,0.012,150704.4,3894339.6,96.272,40715,40481,41405,41537,40599
1548839364746,t2.medium,4,2,ebs-gp2-300-iops,4426438988,1980001,2235,1952830,44112,44,TRUE,43.266,0,3.266,0.016,148993,3896051,96.318,44267,44002,43784,44397,44110
1548854295657,t2.medium,4,2,ebs-gp2-300-iops,9707010788,1980001,4902,0,1.8,0,TRUE,1.828,0,0.606,0,129251.2,3915792.8,96.804,2,2,1,2,2
1548854305780,t2.medium,4,2,ebs-gp2-300-iops,9707010788,1980001,4902,0,1.6,0,TRUE,0.398,0,0,0.1,129272,3915772,96.804,2,1,2,2,1
1548854326581,t2.medium,4,2,ebs-gp2-300-iops,9707010788,1980001,4902,10663,986.8,11,TRUE,2.738,0,0,9.256,161776.8,3883267.2,96,4690,62,61,59,62
1548854431999,t2.medium,4,2,ebs-gp2-300-iops,9707010788,1980001,4902,37681,2237.2,17,TRUE,15.164,0,1.26,8.772,142486.2,3902557.8,96.478,9300,573,466,424,423
1548854537495,t2.medium,4,2,ebs-gp2-300-iops,9707010788,1980001,4902,64914,2755.8,24,TRUE,39.578,0,2.87,5.388,120854.4,3924189.6,97.012,9359,1183,1205,1038,994
1548854745784,t2.medium,4,2,ebs-gp2-300-iops,9707010788,1980001,4902,118863,5402.8,22,TRUE,43.144,0,2.916,0.002,136800.6,3908243.4,96.618,17739,2326,2399,2195,2355
1548854870579,t2.medium,4,2,ebs-gp2-300-iops,9707010788,1980001,4902,146111,4218,35,TRUE,41.848,0,2.874,0.002,129334.2,3915709.8,96.8,9701,2823,2942,2799,2825
1548855372631,t2.medium,4,2,ebs-gp2-300-iops,9707010788,1980001,4902,308001,13043.6,24,TRUE,34.9,0,2.138,0.036,122947.6,3922096.4,96.962,38885,7037,6479,6356,6461
1548855783836,t2.medium,4,2,ebs-gp2-300-iops,9707010788,1980001,4902,470407,14579.4,32,TRUE,40.346,0,2.5,0.18,126947.4,3918096.6,96.86,30882,13009,9752,9620,9634
1548856093785,t2.medium,4,2,ebs-gp2-300-iops,9707010788,1980001,4902,633683,14411,44,TRUE,40.934,0,2.844,0.028,121063.4,3923980.6,97.01,19548,13250,13104,13038,13115
1548856382436,t2.medium,4,2,ebs-gp2-300-iops,9707010788,1980001,4902,796977,16819.4,47,TRUE,46.796,0,2.888,0.032,108171.4,3936872.6,97.326,18159,16690,16429,16416,16403
1548856734471,t2.medium,4,2,ebs-gp2-300-iops,9707010788,1980001,4902,959746,20124.4,48,TRUE,45.334,0,2.766,0.018,110556.8,3934487.2,97.266,21474,19950,19954,19548,19696
1548857148984,t2.medium,4,2,ebs-gp2-300-iops,9707010788,1980001,4902,1122101,24186,46,TRUE,42.974,0,3.188,0.768,106270,3938774,97.374,23871,24502,25595,23410,23552
1548857659883,t2.medium,4,2,ebs-gp2-300-iops,9707010788,1980001,4902,1284749,29651.6,43,TRUE,42.152,0,2.764,1.202,117082.2,3927961.8,97.106,30179,33968,30127,27177,26807
1548858244610,t2.medium,4,2,ebs-gp2-300-iops,9707010788,1980001,4902,1446863,33723.2,43,TRUE,41.234,0,2.618,1.74,122428.2,3922615.8,96.974,33925,36988,34229,32851,30623
1548876794447,r5d.large,16,2,NVMe SSD Local,53547237475,19980001,2680,52577,875.8,60,TRUE,18.8,0,1.818,6.464,157978.4,15972001.6,99.022,2617,475,486,409,392
1548876809293,r5d.large,16,2,NVMe SSD Local,53547237475,19980001,2680,107357,1412.2,76,TRUE,43.476,0,3.046,3.518,188894.4,15941085.6,98.828,2721,1113,1295,971,961
1548876912768,r5d.large,16,2,NVMe SSD Local,53547237475,19980001,2680,271602,4105.4,66,TRUE,45.586,0,2.912,0,180990.4,15948989.6,98.88,7976,3516,3342,2858,2835
1548877164259,r5d.large,16,2,NVMe SSD Local,53547237475,19980001,2680,545147,8658.2,63,TRUE,33.558,0,2.666,0.308,331145.4,15798834.6,97.948,14351,7703,7295,6900,7042
1548877422227,r5d.large,16,2,NVMe SSD Local,53547237475,19980001,2680,818233,12413.4,66,TRUE,47.018,0,3.162,0,333423.4,15796556.6,97.93,17616,11028,11179,11322,10922
1548877895073,r5d.large,16,2,NVMe SSD Local,53547237475,19980001,2680,1364123,22273.6,61,TRUE,46.576,0,3.208,0,235881.4,15894098.6,98.538,32318,19621,19868,19512,20049
1548878376058,r5d.large,16,2,NVMe SSD Local,53547237475,19980001,2680,1637937,25463.6,64,TRUE,45.736,0,3.772,0,214608,15915372,98.67,30388,24157,23927,24833,24013
1548879535406,r5d.large,16,2,NVMe SSD Local,53547237475,19980001,2680,3280683,55074,60,TRUE,46.46,0,3.256,0.042,194814.2,15935165.8,98.794,78227,50739,48630,48945,48829
1548881277943,r5d.large,16,2,NVMe SSD Local,9707149718,1980001,4902,5443,35.6,153,TRUE,1.806,0,0.2,0,4953452.8,11176527.2,69.29,57,30,30,31,30
1548881288048,r5d.large,16,2,NVMe SSD Local,9707149718,1980001,4902,10908,59.2,184,TRUE,2.902,0,0.2,0,4953945.6,11176034.4,69.29,76,54,56,55,55
1548881298166,r5d.large,16,2,NVMe SSD Local,9707149718,1980001,4902,27268,141.2,193,TRUE,8.106,0,0.6,0,4974052,11155928,69.164,187,129,131,132,127
1548881308285,r5d.large,16,2,NVMe SSD Local,9707149718,1980001,4902,54178,275.2,197,TRUE,14.116,0,0.302,0,4987400.8,11142579.2,69.08,349,255,260,256,256
1548881318413,r5d.large,16,2,NVMe SSD Local,9707149718,1980001,4902,81431,414.4,197,TRUE,21.126,0,0.502,0,4987723.2,11142256.8,69.078,484,403,405,391,389
1548881328558,r5d.large,16,2,NVMe SSD Local,9707149718,1980001,4902,135728,705.2,192,TRUE,35.874,0,1.206,0,4988041.6,11141938.4,69.074,820,694,687,662,663
1548881338710,r5d.large,16,2,NVMe SSD Local,9707149718,1980001,4902,162791,850,192,TRUE,44.614,0,1.098,0,4988915.2,11141064.8,69.07,846,889,874,827,814
1548881357108,r5d.large,16,2,NVMe SSD Local,9707149718,1980001,4902,325640,2291.8,142,TRUE,52.568,0,2.616,0,4993428.8,11136551.2,69.044,2171,2413,2385,2244,2246
1548881390795,r5d.large,16,2,NVMe SSD Local,9707149718,1980001,4902,489318,3524.2,139,TRUE,48.9,0,3.052,0,5006260,11123720,68.962,3430,3579,3517,3587,3508
1548881435885,r5d.large,16,2,NVMe SSD Local,9707149718,1980001,4902,651895,4872.2,134,TRUE,52.278,0,3.43,0.02,5018954.4,11111025.6,68.884,4790,4905,4842,4911,4913
1548881575006,r5d.large,16,2,NVMe SSD Local,9707149718,1980001,4902,814626,6287.6,130,TRUE,36.79,0,1.638,0.004,5042686.6,11087293.4,68.736,6180,6213,6307,6421,6317
1548881760653,r5d.large,16,2,NVMe SSD Local,9707149718,1980001,4902,977022,7628.8,128,TRUE,33.212,0,2.458,0,5082036.2,11047943.8,68.494,7493,7497,7767,7547,7840
1548881919932,r5d.large,16,2,NVMe SSD Local,9707149718,1980001,4902,1139659,9194.8,124,TRUE,43.696,0,2.662,0.002,5121733.2,11008246.8,68.246,8827,8808,9289,9612,9438
1548882090879,r5d.large,16,2,NVMe SSD Local,9707149718,1980001,4902,1302106,10530.6,124,TRUE,45.216,0,2.642,0,5169831.6,10960148.4,67.95,10396,10604,10398,10732,10523
1548882283297,r5d.large,16,2,NVMe SSD Local,9707149718,1980001,4902,1464305,11518,127,TRUE,44.756,0,2.812,0,5052808.8,11077171.2,68.676,11834,11418,11427,11440,11471
1548882516568,r5d.large,16,2,NVMe SSD Local,9707149718,1980001,4902,1627004,12691.4,128,TRUE,39.624,0,2.716,0.002,5008872,11121108,68.946,12659,12731,12682,12729,12656
1548882761246,r5d.large,16,2,NVMe SSD Local,9707149718,1980001,4902,1789954,13987.8,128,TRUE,42.698,0,2.752,0.006,5063056,11066924,68.612,14018,14003,14012,13882,14024
1548883027730,r5d.large,16,2,NVMe SSD Local,9707149718,1980001,4902,1952534,15884,123,TRUE,44.87,0,2.986,0.008,5091420.8,11038559.2,68.436,15745,15866,15881,15975,15953
1548884176649,r5d.large,16,2,NVMe SSD Local,905840015,1980001,457,5420,32.2,168,TRUE,1.404,0,0.3,0,5939660,10190320,63.176,39,30,30,31,31
1548884186756,r5d.large,16,2,NVMe SSD Local,905840015,1980001,457,10872,54.8,198,TRUE,2.702,0,0,0,5940432,10189548,63.172,59,53,53,53,56
1548884196876,r5d.large,16,2,NVMe SSD Local,905840015,1980001,457,27242,122.8,222,TRUE,7.1,0,0.1,0,5960773.6,10169206.4,63.044,131,118,124,122,119
1548884206998,r5d.large,16,2,NVMe SSD Local,905840015,1980001,457,54173,227.8,238,TRUE,11.212,0,0.1,0,5974085.6,10155894.4,62.962,237,223,224,227,228
1548884217131,r5d.large,16,2,NVMe SSD Local,905840015,1980001,457,81475,329.6,247,TRUE,16.232,0,0.2,0,5974085.6,10155894.4,62.962,335,328,330,327,328
1548884227281,r5d.large,16,2,NVMe SSD Local,905840015,1980001,457,136093,538.2,253,TRUE,26.954,0,0.1,0,5974726.4,10155253.6,62.96,536,533,539,543,540
1548884237449,r5d.large,16,2,NVMe SSD Local,905840015,1980001,457,163160,631.8,258,TRUE,31.394,0,0,0,5974583.2,10155396.8,62.96,617,627,622,640,653
1548884247695,r5d.large,16,2,NVMe SSD Local,905840015,1980001,457,325684,1234,264,TRUE,50.2,0,0,0,5974335.2,10155644.8,62.96,1233,1237,1228,1246,1226
1548884265960,r5d.large,16,2,NVMe SSD Local,905840015,1980001,457,487916,1840.6,265,TRUE,46.892,0,0,0,5975004.8,10154975.2,62.956,1839,1835,1824,1852,1853
1548884284762,r5d.large,16,2,NVMe SSD Local,905840015,1980001,457,650278,2463.4,264,TRUE,50.178,0,0.1,0,5974905.6,10155074.4,62.958,2479,2424,2471,2476,2467
1548884312231,r5d.large,16,2,NVMe SSD Local,905840015,1980001,457,813056,3106,262,TRUE,50.118,0,0.034,0,5974360,10155620,62.96,3100,3089,3074,3161,3106
1548884348384,r5d.large,16,2,NVMe SSD Local,905840015,1980001,457,975992,3767.2,259,TRUE,47.882,0,0.026,0,5973368,10156612,62.966,3765,3767,3782,3722,3800
1548884385167,r5d.large,16,2,NVMe SSD Local,905840015,1980001,457,1138487,4311.6,264,TRUE,50.202,0,0,0,5971111.2,10158868.8,62.98,4321,4296,4309,4304,4328
1548884430623,r5d.large,16,2,NVMe SSD Local,905840015,1980001,457,1301473,4886.6,266,TRUE,49.21,0,0.02,0,5969077.6,10160902.4,62.99,4959,4820,4877,4878,4899
1548884567796,r5d.large,16,2,NVMe SSD Local,905840015,1980001,457,1463931,5535.4,264,TRUE,33.848,0,0.008,0,5967252.4,10162727.6,63.006,5546,5512,5555,5506,5558
1548884706772,r5d.large,16,2,NVMe SSD Local,905840015,1980001,457,1627098,6120.4,266,TRUE,34.196,0,0.11,0.1,5964960.8,10165019.2,63.018,6151,6080,6116,6108,6147
1548884867596,r5d.large,16,2,NVMe SSD Local,905840015,1980001,457,1789978,6729.6,266,TRUE,33.864,0,0.108,0,5963036.4,10166943.6,63.028,6735,6719,6724,6721,6749
1548885030425,r5d.large,16,2,NVMe SSD Local,905840015,1980001,457,1952755,7375.8,265,TRUE,34.38,0,0.004,0.002,5960799.2,10169180.8,63.046,7387,7324,7339,7390,7439
1548969659782,t2.medium,4,2,ebs-gp2-300-iops,4426438988,1980001,2235,0,1.8,0,FALSE,0.602,0,0.202,0,160626.4,3884417.6,96.026,1,2,2,2,2
1548969669911,t2.medium,4,2,ebs-gp2-300-iops,4426438988,1980001,2235,2243,273.2,8,FALSE,1.232,0,0,9.458,135262.4,3909781.6,96.656,1298,17,17,17,17
1548969742481,t2.medium,4,2,ebs-gp2-300-iops,4426438988,1980001,2235,18757,1407.6,13,FALSE,4.68,0,0.128,9.186,128173,3916871,96.83,6454,165,165,142,112
1548969942635,t2.medium,4,2,ebs-gp2-300-iops,4426438988,1980001,2235,45974,4024,11,FALSE,8.588,0,0.79,17.158,117893.8,3927150.2,97.084,9248,665,8795,763,649
1548970041283,t2.medium,4,2,ebs-gp2-300-iops,4426438988,1980001,2235,72873,3158.2,23,FALSE,28.906,0,2.344,7.876,123693.6,3921350.4,96.942,8302,2449,2224,1501,1315
1548970209894,t2.medium,4,2,ebs-gp2-300-iops,4426438988,1980001,2235,127083,4964.2,26,FALSE,40.762,0,3.122,0.022,107634.2,3937409.8,97.338,13630,2964,2833,2685,2709
1548970291962,t2.medium,4,2,ebs-gp2-300-iops,4426438988,1980001,2235,154078,4005,38,FALSE,42.322,0,3.744,0.024,123828,3921216,96.94,6487,3456,3413,3279,3390
1548970530114,t2.medium,4,2,ebs-gp2-300-iops,4426438988,1980001,2235,316363,8453.4,37,FALSE,33.486,0,3.41,0.036,128656,3916388,96.818,13698,7323,7128,7010,7108
1548970711758,t2.medium,4,2,ebs-gp2-300-iops,4426438988,1980001,2235,479027,10919.6,44,FALSE,43.596,0,3.746,0,112869.6,3932174.4,97.208,11315,10743,10827,10813,10900
1548971013171,t2.medium,4,2,ebs-gp2-300-iops,4426438988,1980001,2235,641802,19219,33,FALSE,35.808,0,3.324,7.79,128069.2,3916974.8,96.834,14746,14561,36272,15799,14717
1548971332108,t2.medium,4,2,ebs-gp2-300-iops,4426438988,1980001,2235,804237,18330,44,FALSE,41.536,0,3.18,0.002,144397.6,3900646.4,96.432,18450,18237,18272,18305,18386
1548971694706,t2.medium,4,2,ebs-gp2-300-iops,4426438988,1980001,2235,967432,21950,44,FALSE,43.448,0,3.958,0.012,142468.4,3902575.6,96.478,22024,21909,21870,22025,21922
1548972170935,t2.medium,4,2,ebs-gp2-300-iops,4426438988,1980001,2235,1130152,30243,37,FALSE,40.458,0,3.828,2.914,140017.6,3905026.4,96.54,25514,25473,25645,44175,30408
1548972670842,t2.medium,4,2,ebs-gp2-300-iops,4426438988,1980001,2235,1292718,29219.8,44,FALSE,42.982,0,3.732,0.012,139187.2,3905856.8,96.56,29166,29168,29392,29311,29062
1548973244426,t2.medium,4,2,ebs-gp2-300-iops,4426438988,1980001,2235,1455573,32979.8,44,FALSE,42.288,0,3.358,0.004,135963.2,3909080.8,96.638,32766,32712,33249,32924,33248
1548973851779,t2.medium,4,2,ebs-gp2-300-iops,4426438988,1980001,2235,1619156,36625.2,44,FALSE,44.304,0,3.384,0.018,133448.6,3911595.4,96.7,36458,36472,36560,36711,36925
1548974593673,t2.medium,4,2,ebs-gp2-300-iops,4426438988,1980001,2235,1781959,45067.6,40,FALSE,40.126,0,3.538,1.39,149497.6,3895546.4,96.304,40887,62631,40823,40325,40672
1548975348759,t2.medium,4,2,ebs-gp2-300-iops,4426438988,1980001,2235,1944209,44190.4,44,FALSE,42.974,0,3.71,0.002,159599.4,3885444.6,96.056,44042,44317,43935,44355,44303
1548969945779,t3.large,8,2,nvme1n1p1,4426419658,1980001,2235,0,2.6,0,FALSE,9.068,0,0.81,0.3,147558.4,7923537.6,98.172,3,2,3,3,2
1548969955947,t3.large,8,2,nvme1n1p1,4426419658,1980001,2235,0,2.4,0,FALSE,1.198,0,0.2,0,147653.6,7923442.4,98.17,2,2,4,2,2
1548969966109,t3.large,8,2,nvme1n1p1,4426419658,1980001,2235,0,2,0,FALSE,2.116,0,0.404,0,147993.6,7923102.4,98.166,2,2,2,2,2
1548970071051,t3.large,8,2,nvme1n1p1,4426419658,1980001,2235,21534,1908.8,11,FALSE,7.066,0,0.532,9.206,144239.2,7926856.8,98.212,8802,156,152,139,295
1548970176429,t3.large,8,2,nvme1n1p1,4426419658,1980001,2235,48804,2203.4,22,FALSE,15.632,0,1.264,8.006,150369.2,7920726.8,98.134,9215,576,465,393,368
1548970325574,t3.large,8,2,nvme1n1p1,4426419658,1980001,2235,102711,3708.8,28,FALSE,37.404,0,3.036,5.808,154455.8,7916640.2,98.088,12925,1452,1402,1345,1420
1548970412510,t3.large,8,2,nvme1n1p1,4426419658,1980001,2235,129818,2689.6,48,FALSE,45.516,0,4.042,0.17,138934.6,7932161.4,98.276,6752,1669,1554,2021,1452
1548970600433,t3.large,8,2,nvme1n1p1,4426419658,1980001,2235,292325,6564.2,45,FALSE,44.07,0,4.594,0.068,137525.4,7933570.6,98.296,15279,4237,4381,4727,4197
1548970750754,t3.large,8,2,nvme1n1p1,4426419658,1980001,2235,454741,6491,70,FALSE,39.244,0,3.622,0.012,138347.6,7932748.4,98.286,7311,6121,6280,6437,6306
1548970899165,t3.large,8,2,nvme1n1p1,4426419658,1980001,2235,617186,8028.6,77,FALSE,41.948,0,3.55,0.012,139689.8,7931406.2,98.27,7920,8220,8195,7769,8039
1548971069599,t3.large,8,2,nvme1n1p1,4426419658,1980001,2235,779805,9923,79,FALSE,52.408,0,4.574,0.09,136689.2,7934406.8,98.306,9983,9789,9970,9884,9989
1548971272100,t3.large,8,2,nvme1n1p1,4426419658,1980001,2235,942381,12301.8,77,FALSE,44.766,0,3.532,0.016,139610.8,7931485.2,98.272,11966,11374,12444,12991,12734
1548971516709,t3.large,8,2,nvme1n1p1,4426419658,1980001,2235,1105106,14645.6,75,FALSE,46.924,0,3.748,0.032,138055.4,7933040.6,98.288,14015,14039,15523,14916,14735
1548971783002,t3.large,8,2,nvme1n1p1,4426419658,1980001,2235,1267804,16188.4,78,FALSE,46.196,0,4.272,0.014,145970.6,7925125.4,98.19,15601,15637,16769,17034,15901
1548972102108,t3.large,8,2,nvme1n1p1,4426419658,1980001,2235,1430943,18026.4,79,FALSE,44.84,0,4.408,0.06,148686,7922410,98.158,18381,17610,18248,17918,17975
1548972442415,t3.large,8,2,nvme1n1p1,4426419658,1980001,2235,1593474,20192,79,FALSE,46.588,0,4.388,0.036,134344.2,7936751.8,98.332,19507,19754,22204,19914,19581
1548972815184,t3.large,8,2,nvme1n1p1,4426419658,1980001,2235,1756648,22358.8,79,FALSE,47.106,0,3.844,0.026,128538.6,7942557.4,98.408,21886,21646,24090,22089,22083
1548973239995,t3.large,8,2,nvme1n1p1,4426419658,1980001,2235,1919971,24896.4,77,FALSE,44.88,0,4.082,0.036,162468.4,7908627.6,97.988,23870,23549,28104,24481,24478
1549003867440,t3.large,8,2,nvme1n1p1,9707333154,1980001,4902,5355,308.6,17,FALSE,3.992,0,1.092,8.67,454943.2,7616152.8,94.362,1320,46,46,85,46
1549003877615,t3.large,8,2,nvme1n1p1,9707333154,1980001,4902,10700,287.2,37,FALSE,10.4,0,1.61,8.236,441093.6,7630002.4,94.534,1092,84,88,89,83
1549003892960,t3.large,8,2,nvme1n1p1,9707333154,1980001,4902,26837,809.2,33,FALSE,10.568,0,0.43,8.134,414471.2,7656624.8,94.866,3189,212,205,232,208
1549003914483,t3.large,8,2,nvme1n1p1,9707333154,1980001,4902,54129,1445,37,FALSE,19.696,0,1.236,7,363356.8,7707739.2,95.5,5372,486,461,447,459
1549003936032,t3.large,8,2,nvme1n1p1,9707333154,1980001,4902,80948,1781,45,FALSE,47.014,0,3.516,2.8,284072.8,7787023.2,96.48,5351,790,1310,748,706
1549004054097,t3.large,8,2,nvme1n1p1,9707333154,1980001,4902,135512,3246.2,42,FALSE,34.692,0,2.306,3.642,165366.6,7905729.4,97.952,9795,1540,1760,1496,1640
1549004132839,t3.large,8,2,nvme1n1p1,9707333154,1980001,4902,162456,3470,47,FALSE,33.934,0,3.28,8.02,144172.2,7926923.8,98.214,6128,3266,2424,2742,2790
1549004599907,t3.large,8,2,nvme1n1p1,9707333154,1980001,4902,325060,11810.6,28,FALSE,34.224,0,3.54,5.016,168207.4,7902888.6,97.916,36413,6955,5798,5267,4620
1549004933686,t3.large,8,2,nvme1n1p1,9707333154,1980001,4902,488352,11473.4,43,FALSE,42.93,0,3.678,0.144,158372.6,7912723.4,98.038,26105,8310,8150,7428,7374
1549005158629,t3.large,8,2,nvme1n1p1,9707333154,1980001,4902,650694,11115.8,59,FALSE,49.196,0,4.512,0.056,147776.4,7923319.6,98.17,14509,10099,11274,9604,10093
1549005392433,t3.large,8,2,nvme1n1p1,9707333154,1980001,4902,812862,13115.6,62,FALSE,46.474,0,4.16,0.03,133143,7937953,98.35,13305,12750,13613,13480,12430
1549005648275,t3.large,8,2,nvme1n1p1,9707333154,1980001,4902,976084,15748,62,FALSE,50.352,0,4.036,0.354,146099,7924997,98.188,15283,17184,16338,15092,14843
1549005967450,t3.large,8,2,nvme1n1p1,9707333154,1980001,4902,1138523,18252,62,FALSE,47.89,0,3.902,0.008,156099.4,7914996.6,98.066,18535,19011,19015,17379,17320
1549006328844,t3.large,8,2,nvme1n1p1,9707333154,1980001,4902,1300988,21503.8,61,FALSE,47.192,0,4.07,0.024,164512.6,7906583.4,97.962,20674,19551,25741,22079,19474
1549006711916,t3.large,8,2,nvme1n1p1,9707333154,1980001,4902,1464116,22689.2,65,FALSE,50.82,0,4.914,0.05,174884.4,7896211.6,97.832,22312,22083,24301,22796,21954
1549007148221,t3.large,8,2,nvme1n1p1,9707333154,1980001,4902,1626894,25682.4,63,FALSE,47.452,0,3.94,0.076,175437,7895659,97.826,25385,24844,29169,24357,24657
1549007636848,t3.large,8,2,nvme1n1p1,9707333154,1980001,4902,1789333,28526.2,63,FALSE,46.93,0,3.642,0.04,181458.2,7889637.8,97.752,27698,27594,33265,26704,27370
1549008147937,t3.large,8,2,nvme1n1p1,9707333154,1980001,4902,1952411,29842.6,65,FALSE,50.402,0,3.974,0.05,180044.2,7891051.8,97.77,30129,30427,30190,29428,29039
1549002575238,t2.medium,4,2,ebs-gp2-300-iops,9707228027,1980001,4902,5310,286,19,FALSE,2.642,0,0.518,9.374,146622.4,3898421.6,96.374,1284,36,36,37,37
1549002585369,t2.medium,4,2,ebs-gp2-300-iops,9707228027,1980001,4902,10741,286,38,FALSE,6.792,0,0.708,8.648,147608.8,3897435.2,96.352,1146,80,67,68,69
1549002600863,t2.medium,4,2,ebs-gp2-300-iops,9707228027,1980001,4902,26944,841.8,32,FALSE,9.614,0,0.408,8.26,137854.4,3907189.6,96.592,3380,208,209,208,204
1549002672953,t2.medium,4,2,ebs-gp2-300-iops,9707228027,1980001,4902,54200,1617.2,34,FALSE,19.506,0,0.822,7.124,112667.4,3932376.6,97.216,5953,517,534,546,536
1549002747582,t2.medium,4,2,ebs-gp2-300-iops,9707228027,1980001,4902,81358,2452.2,33,FALSE,35.522,0,2.154,4.088,221103.8,3823940.2,94.534,6478,1399,1502,1453,1429
1549002938324,t2.medium,4,2,ebs-gp2-300-iops,9707228027,1980001,4902,135575,5437,25,FALSE,43.698,0,2.282,0,181302.8,3863741.2,95.516,15832,2882,2758,2836,2877
1549003055326,t2.medium,4,2,ebs-gp2-300-iops,9707228027,1980001,4902,162388,4690,35,FALSE,42.592,0,2.97,0.002,138305.4,3906738.6,96.582,9369,3489,3471,3553,3568
1549003560131,t2.medium,4,2,ebs-gp2-300-iops,9707228027,1980001,4902,324969,13443.8,24,FALSE,32.47,0,2.206,0.036,138870,3906174,96.568,37325,7991,7378,7228,7297
1549003970227,t2.medium,4,2,ebs-gp2-300-iops,9707228027,1980001,4902,488147,16845,29,FALSE,38.848,0,2.652,0.67,117392.2,3927651.8,97.1,29757,21784,10856,11002,10826
1549004376687,t2.medium,4,2,ebs-gp2-300-iops,9707228027,1980001,4902,651359,20393,32,FALSE,38.114,0,2.858,1.76,119539.6,3925504.4,97.046,26047,29978,16625,14655,14660
1549004880445,t2.medium,4,2,ebs-gp2-300-iops,9707228027,1980001,4902,813804,40362.2,20,FALSE,24.254,0,2.3,15.026,134047.6,3910996.4,96.686,23239,52305,25146,48030,53091
1549005540713,t2.medium,4,2,ebs-gp2-300-iops,9707228027,1980001,4902,975539,61673.8,16,FALSE,20.206,0,2.09,20.69,122572.2,3922471.8,96.968,24465,24732,65212,98645,95315
1549007257610,t2.medium,4,2,ebs-gp2-300-iops,9707228027,1980001,4902,1138189,95754.8,12,FALSE,10.114,0,1.642,28.18,129053.2,3915990.8,96.806,106185,101104,84291,89745,97449
1549008867373,t2.medium,4,2,ebs-gp2-300-iops,9707228027,1980001,4902,1301021,90545.4,14,FALSE,12.872,0,1.942,25.93,142673.6,3902370.4,96.47,98896,92051,82420,87715,91645
1549010351256,t2.medium,4,2,ebs-gp2-300-iops,9707228027,1980001,4902,1464127,76255.2,19,FALSE,18.87,0,2.184,18.334,125815.8,3919228.2,96.89,93028,89629,71708,72166,54745
1549011896387,t2.medium,4,2,ebs-gp2-300-iops,9707228027,1980001,4902,1627450,78763.4,21,FALSE,19.68,0,1.914,16.424,123120.8,3921923.2,96.956,94172,83984,83980,86237,45444
1549012744421,t2.medium,4,2,ebs-gp2-300-iops,9707228027,1980001,4902,1790183,51490.4,35,FALSE,31.648,0,2.526,8.48,122389.6,3922654.4,96.974,47040,64105,48115,52415,45777
1549013543902,t2.medium,4,2,ebs-gp2-300-iops,9707228027,1980001,4902,1952325,44840,44,FALSE,41.474,0,2.698,2.24,114397.8,3930646.2,97.172,48389,45532,43334,43622,43323
1549048856516,t3.large,8,2,nvme1n1p1,53547391939,19980001,2680,0,2.4,0,FALSE,0.6,0,0.3,0,141071.2,7930024.8,98.25,3,2,2,1,4
1549048866667,t3.large,8,2,nvme1n1p1,53547391939,19980001,2680,0,2.8,0,FALSE,0.2,0,0.2,0,141178.4,7929917.6,98.25,2,3,3,2,4
1549048876823,t3.large,8,2,nvme1n1p1,53547391939,19980001,2680,0,2.6,0,FALSE,0.2,0,0.3,0,141248,7929848,98.248,3,2,2,3,3
1549049841061,t3.large,8,2,nvme1n1p1,53547391939,19980001,2680,220914,25466.4,9,FALSE,19.31,0,1.794,11.85,140785.8,7930310.2,98.256,79655,28553,9241,5524,4359
1549051158458,t3.large,8,2,nvme1n1p1,53547391939,19980001,2680,494396,55784.6,9,FALSE,21.896,0,1.892,11.726,161383.8,7909712.2,98,87003,97871,42479,40962,10608
1549054135816,t3.large,8,2,nvme1n1p1,53547391939,19980001,2680,1040855,198747.4,5,FALSE,16.064,0,1.994,27.276,195102.4,7875993.6,97.582,156712,196879,216379,216009,207758
1549059125845,t3.large,8,2,nvme1n1p1,53547391939,19980001,2680,1312476,285215.4,5,FALSE,11.084,0,2.206,29.334,192069.4,7879026.6,97.62,299222,284866,289453,277391,275145
1549048421664,t2.medium,4,2,ebs-gp2-300-iops,44666487633,19980001,2235,36261,4583.8,8,FALSE,29.376,0,2.076,9.416,196198.6,3848845.4,95.15,19737,815,968,679,720
1549048665329,t2.medium,4,2,ebs-gp2-300-iops,44666487633,19980001,2235,90733,6413.4,14,FALSE,36.064,0,3.082,5.052,168525,3876519,95.834,20903,3693,2632,2450,2389
1549049638771,t2.medium,4,2,ebs-gp2-300-iops,44666487633,19980001,2235,254676,54383.8,5,FALSE,14.322,0,1.164,24.584,145166.4,3899877.6,96.412,63199,54803,45841,41637,66439
1549052507353,t2.medium,4,2,ebs-gp2-300-iops,44666487633,19980001,2235,527184,168842.2,3,FALSE,3.708,0,0.69,35.476,138977.4,3906066.6,96.564,167985,156313,169577,183044,167292
1549056866721,t2.medium,4,2,ebs-gp2-300-iops,44666487633,19980001,2235,800303,254337.6,3,FALSE,2.05,0,0.368,37.616,129527.2,3915516.8,96.8,258649,245092,251419,259410,257118
1549096124791,m5.xlarge,16,4,gp2-600iops,97855377654,19960001,4902,28365,1767,16,TRUE,3.46,0,0.256,4.474,189637.2,15768074.8,98.812,8085,185,191,188,186
1549096252226,m5.xlarge,16,4,gp2-600iops,97855377654,19960001,4902,82886,2879.6,29,TRUE,12.92,0,0.81,3.768,170510,15787202,98.932,11319,924,777,698,680
1549096608817,m5.xlarge,16,4,gp2-600iops,97855377654,19960001,4902,246396,8804.4,28,TRUE,18.96,0,1.652,2.192,168308.2,15789403.8,98.944,31318,3748,3110,2940,2906
1549097338219,m5.xlarge,16,4,gp2-600iops,97855377654,19960001,4902,520018,18699,28,TRUE,18.248,0,1.432,1.186,160211.2,15797500.8,98.994,62268,9163,8395,6798,6871
1549098135774,m5.xlarge,16,4,gp2-600iops,97855377654,19960001,4902,793663,22217.2,36,TRUE,23.096,0,1.964,0,161425.8,15796286.2,98.988,67203,11057,11071,10879,10876
1549099840158,m5.xlarge,16,4,gp2-600iops,97855377654,19960001,4902,1340200,43960.4,30,TRUE,22.268,0,1.89,0.004,192042.8,15765669.2,98.794,143857,19117,18673,19140,19015
1549100851206,m5.xlarge,16,4,gp2-600iops,97855377654,19960001,4902,1612649,34030.4,47,TRUE,22.774,0,2.018,0.002,177329.8,15780382.2,98.89,80432,23093,22115,22171,22341
1549311234610,m5.xlarge,16,4,gp2-600iops,2639182607,1960001,1346,5356,32.4,165,TRUE,0.7,0,0,0,2069532,13888144,87.03,33,32,31,33,33
1549311244730,m5.xlarge,16,4,gp2-600iops,2639182607,1960001,1346,10772,58.8,183,TRUE,2.106,0,0.1,0,2083001.6,13874674.4,86.946,60,58,59,58,59
1549311254845,m5.xlarge,16,4,gp2-600iops,2639182607,1960001,1346,26801,132,203,TRUE,3.398,0,0.1,0,2103017.6,13854658.4,86.82,137,131,132,130,130
1549311264969,m5.xlarge,16,4,gp2-600iops,2639182607,1960001,1346,53559,257.2,208,TRUE,6.49,0,0.05,0,2102920,13854756,86.822,262,257,256,255,256
1549311275102,m5.xlarge,16,4,gp2-600iops,2639182607,1960001,1346,80390,378.8,212,TRUE,9.39,0,0.15,0,2102640,13855036,86.824,379,379,377,374,385
1549311285258,m5.xlarge,16,4,gp2-600iops,2639182607,1960001,1346,133885,635,211,TRUE,15.824,0,0,0,2102653.6,13855022.4,86.82,629,627,648,640,631
1549311295416,m5.xlarge,16,4,gp2-600iops,2639182607,1960001,1346,160555,742.8,216,TRUE,18.592,0,0.15,0,2102160.8,13855515.2,86.828,750,749,747,737,731
1549311307645,m5.xlarge,16,4,gp2-600iops,2639182607,1960001,1346,321802,1501.2,214,TRUE,23.89,0,0.074,0,2102894.4,13854781.6,86.82,1486,1482,1473,1536,1529
1549311326027,m5.xlarge,16,4,gp2-600iops,2639182607,1960001,1346,482987,2157.6,224,TRUE,25.03,0,0.024,0,2102653.6,13855022.4,86.82,2128,2180,2151,2162,2167
1549311353282,m5.xlarge,16,4,gp2-600iops,2639182607,1960001,1346,644976,2931,220,TRUE,24.544,0,0,0,2101339.2,13856336.8,86.83,2948,2933,2904,2958,2912
1549311389303,m5.xlarge,16,4,gp2-600iops,2639182607,1960001,1346,806333,3648,221,TRUE,23.28,0,0.024,0.012,2099256,13858420,86.844,3665,3572,3651,3642,3710
1549311428156,m5.xlarge,16,4,gp2-600iops,2639182607,1960001,1346,967246,4464.8,217,TRUE,24.444,0,0.072,0,2096924.8,13860751.2,86.858,4439,4502,4421,4456,4506
1549311473835,m5.xlarge,16,4,gp2-600iops,2639182607,1960001,1346,1128314,5212.6,216,TRUE,25.056,0,0.01,0,2094804.8,13862871.2,86.874,5218,5153,5174,5252,5266
1549311612517,m5.xlarge,16,4,gp2-600iops,2639182607,1960001,1346,1288885,6088.6,212,TRUE,17.12,0,0.106,0,2093239.6,13864436.4,86.882,6141,6086,6153,6164,5899
1549311773419,m5.xlarge,16,4,gp2-600iops,2639182607,1960001,1346,1448869,6703,216,TRUE,16.952,0,0.054,0.004,2090918.4,13866757.6,86.896,6644,6592,6669,6563,7047
1549311958979,m5.xlarge,16,4,gp2-600iops,2639182607,1960001,1346,1610379,7575.6,213,TRUE,16.052,0,0.008,0.002,2088622.2,13869053.8,86.912,7556,7447,7397,7567,7911
1549312107947,m5.xlarge,16,4,gp2-600iops,2639182607,1960001,1346,1772201,8269.2,214,TRUE,18.454,0,0.028,0.006,2086373.2,13871302.8,86.926,8293,8281,8329,8103,8340
1549312267668,m5.xlarge,16,4,gp2-600iops,2639182607,1960001,1346,1933260,8955.2,216,TRUE,19.518,0,0.024,0.002,2084206.4,13873469.6,86.94,8999,8938,8956,8868,9015
1549312849710,m5.xlarge,16,4,gp2-600iops,9609196771,1960001,4902,5140,43,120,TRUE,1.252,0,0.1,0,2075972,13881704,86.99,84,33,32,33,33
1549312859824,m5.xlarge,16,4,gp2-600iops,9609196771,1960001,4902,10447,68,154,TRUE,2.75,0,0.2,0,2090556,13867120,86.9,104,59,58,59,60
1549312869947,m5.xlarge,16,4,gp2-600iops,9609196771,1960001,4902,26629,165.6,161,TRUE,4.002,0,0.15,0,2111263.2,13846412.8,86.77,252,154,141,142,139
1549312880070,m5.xlarge,16,4,gp2-600iops,9609196771,1960001,4902,53625,310.2,173,TRUE,8.076,0,0.15,0,2111484.8,13846191.2,86.77,458,282,282,262,267
1549312890202,m5.xlarge,16,4,gp2-600iops,9609196771,1960001,4902,80359,443.2,181,TRUE,11.316,0,0.25,0,2112306.4,13845369.6,86.762,568,462,397,387,402
1549312900357,m5.xlarge,16,4,gp2-600iops,9609196771,1960001,4902,133882,774.6,173,TRUE,19.458,0,0.5,0,2099431.2,13858244.8,86.844,988,813,723,675,674
1549312910515,m5.xlarge,16,4,gp2-600iops,9609196771,1960001,4902,160790,963.2,167,TRUE,24.098,0,0.45,0,2101492,13856184,86.83,1018,996,988,908,906
1549312937354,m5.xlarge,16,4,gp2-600iops,9609196771,1960001,4902,321922,2657.4,121,TRUE,23.824,0,1.27,0,2105472,13852204,86.808,2632,2885,2767,2573,2430
1549312973677,m5.xlarge,16,4,gp2-600iops,9609196771,1960001,4902,483508,4263,113,TRUE,27.096,0,1.698,0,2116582.4,13841093.6,86.738,4049,4385,4404,4292,4185
1549313111308,m5.xlarge,16,4,gp2-600iops,9609196771,1960001,4902,644619,5844.2,110,TRUE,17.618,0,1.288,0.002,2131693.4,13825982.6,86.642,5731,5884,5889,5990,5727
1549313273540,m5.xlarge,16,4,gp2-600iops,9609196771,1960001,4902,805629,7347.4,110,TRUE,18.316,0,1.184,0,2143771.4,13813904.6,86.566,7310,7471,7343,7376,7237
1549313432780,m5.xlarge,16,4,gp2-600iops,9609196771,1960001,4902,967239,8859.6,109,TRUE,20.8,0,1.388,0,2167558.8,13790117.2,86.414,8830,8778,8883,8875,8932
1549313603601,m5.xlarge,16,4,gp2-600iops,9609196771,1960001,4902,1128358,10311.4,109,TRUE,22.444,0,1.56,0.006,2158205.8,13799470.2,86.476,10344,10361,10353,10324,10175
1549313795819,m5.xlarge,16,4,gp2-600iops,9609196771,1960001,4902,1289466,11740.4,110,TRUE,22.524,0,1.648,0,2246990.4,13710685.6,85.918,11689,11752,11638,11891,11732
1549314029585,m5.xlarge,16,4,gp2-600iops,9609196771,1960001,4902,1450532,13257,109,TRUE,20.856,0,1.302,0,2286659,13671017,85.672,13185,13244,13213,13195,13448
1549314285101,m5.xlarge,16,4,gp2-600iops,9609196771,1960001,4902,1611052,14675.8,110,TRUE,21.914,0,1.342,0,2361533.6,13596142.4,85.202,14884,14531,14669,14544,14751
1549314551836,m5.xlarge,16,4,gp2-600iops,9609196771,1960001,4902,1772391,16126.4,110,TRUE,22.64,0,1.432,0.004,2383812,13573864,85.064,16043,16242,16103,16079,16165
1549314860088,m5.xlarge,16,4,gp2-600iops,9609196771,1960001,4902,1932955,17516.2,110,TRUE,21.298,0,1.516,0,2381878,13575798,85.076,17504,17515,17557,17465,17540
1549366657455,m5.xlarge,16,4,gp2-600iops,4381678383,1960001,2235,1708,219.6,8,TRUE,0.65,0,0.25,4.588,15123164,834456,5.23,1050,12,12,12,12
1549366669568,m5.xlarge,16,4,gp2-600iops,4381678383,1960001,2235,7018,433.8,16,TRUE,1.6,0,0.35,4.5,14945029.6,1012590.4,6.346,2031,34,35,34,35
1549366741465,m5.xlarge,16,4,gp2-600iops,4381678383,1960001,2235,23139,1238.4,19,TRUE,1.774,0,0.468,4.428,14485745.8,1471874.2,9.224,5808,95,95,97,97
1549366857238,m5.xlarge,16,4,gp2-600iops,4381678383,1960001,2235,49891,2091.2,24,TRUE,3.672,0,0.416,4.09,13734881.4,2222738.6,13.93,9674,202,195,193,192
1549366951143,m5.xlarge,16,4,gp2-600iops,4381678383,1960001,2235,76654,1801.4,43,TRUE,5.794,0,0.216,3.71,12997478.2,2960141.8,18.55,7799,302,305,308,293
1549367078181,m5.xlarge,16,4,gp2-600iops,4381678383,1960001,2235,130845,2589.6,51,TRUE,9.354,0,0.166,3.25,11892555.6,4065064.4,25.476,10915,500,515,533,485
1549367096252,m5.xlarge,16,4,gp2-600iops,4381678383,1960001,2235,158107,1268.4,125,TRUE,12.336,0,0.25,2.294,11272320.8,4685299.2,29.36,3935,596,600,610,601
1549367190480,m5.xlarge,16,4,gp2-600iops,4381678383,1960001,2235,319549,2579.8,124,TRUE,18.264,0,0.216,1.804,10050795.6,5906824.4,37.016,8031,1274,1191,1183,1220
1549367209124,m5.xlarge,16,4,gp2-600iops,4381678383,1960001,2235,480737,1941.8,248,TRUE,23.332,0,0.024,0,9426698.4,6530921.6,40.926,2405,1795,1797,1916,1796
1549367231992,m5.xlarge,16,4,gp2-600iops,4381678383,1960001,2235,641532,2499,257,TRUE,23.272,0,0.016,0,9290280,6667340,41.782,2559,2390,2440,2605,2501
1549367259580,m5.xlarge,16,4,gp2-600iops,4381678383,1960001,2235,802775,3159.8,254,TRUE,25.09,0,0.082,0,9241820.8,6715799.2,42.086,3247,3253,3124,3064,3111
1549367295778,m5.xlarge,16,4,gp2-600iops,4381678383,1960001,2235,963690,3805.4,253,TRUE,24.122,0,0.048,0,9219435.2,6738184.8,42.226,3808,3942,3736,3825,3716
1549367332651,m5.xlarge,16,4,gp2-600iops,4381678383,1960001,2235,1124927,4336,259,TRUE,25.07,0,0.06,0.012,9203845.6,6753774.4,42.324,4389,4276,4310,4304,4401
1549367378151,m5.xlarge,16,4,gp2-600iops,4381678383,1960001,2235,1285482,4995.4,257,TRUE,24.952,0,0.06,0.01,9192022.4,6765597.6,42.4,4996,5087,4985,4953,4956
1549367469718,m5.xlarge,16,4,gp2-600iops,4381678383,1960001,2235,1446843,5557.8,260,TRUE,20.948,0,0.096,0.006,9180029.2,6777590.8,42.472,5547,5578,5487,5395,5782
1549367609278,m5.xlarge,16,4,gp2-600iops,4381678383,1960001,2235,1607464,6258,257,TRUE,17.096,0,0.024,0,9168924,6788696,42.542,6414,6122,6363,6175,6216
1549367770466,m5.xlarge,16,4,gp2-600iops,4381678383,1960001,2235,1768739,6817,259,TRUE,16.994,0,0.082,0,9156476.6,6801143.4,42.622,6889,6806,6848,6711,6831
1549367918780,m5.xlarge,16,4,gp2-600iops,4381678383,1960001,2235,1929281,7536.2,256,TRUE,17.296,0,0.044,0,9144383.2,6813236.8,42.696,7609,7503,7504,7684,7381
1549883201777,m5.xlarge,16,4,gp2-600iops,896715246,1960001,457,5357,30.8,174,TRUE,0.8,0,0.1,0,11562924,4394696,27.54,31,30,30,31,32
1549883211888,m5.xlarge,16,4,gp2-600iops,896715246,1960001,457,10751,57.6,187,TRUE,2.104,0,0,0,11576388.8,4381231.2,27.456,56,57,57,58,60
1549883222003,m5.xlarge,16,4,gp2-600iops,896715246,1960001,457,26822,127.8,210,TRUE,3.106,0,0.05,0,11596467.2,4361152.8,27.33,135,124,128,126,126
1549883232127,m5.xlarge,16,4,gp2-600iops,896715246,1960001,457,53714,242.6,221,TRUE,5.954,0,0,0,11596590.4,4361029.6,27.328,237,249,243,247,237
1549883242257,m5.xlarge,16,4,gp2-600iops,896715246,1960001,457,80509,341.2,236,TRUE,8.5,0,0.05,0,11596972,4360648,27.328,339,339,335,344,349
1549883252406,m5.xlarge,16,4,gp2-600iops,896715246,1960001,457,134361,572,235,TRUE,14.284,0,0.1,0,11596804.8,4360815.2,27.33,558,590,577,564,571
1549883262559,m5.xlarge,16,4,gp2-600iops,896715246,1960001,457,161255,674.6,239,TRUE,16.882,0,0,0,11597072.8,4360547.2,27.324,679,664,671,674,685
1549883272782,m5.xlarge,16,4,gp2-600iops,896715246,1960001,457,322085,1382.4,233,TRUE,25.012,0,0.05,0,11597140.8,4360479.2,27.324,1338,1336,1432,1398,1408
1549883291046,m5.xlarge,16,4,gp2-600iops,896715246,1960001,457,482530,1985,243,TRUE,24.718,0,0,0,11596496,4361124,27.33,2004,1914,1981,1976,2050
1549883317927,m5.xlarge,16,4,gp2-600iops,896715246,1960001,457,642396,2610.6,246,TRUE,22.468,0,0,0,11596196.8,4361423.2,27.33,2580,2557,2682,2553,2681
1549883345465,m5.xlarge,16,4,gp2-600iops,896715246,1960001,457,803938,3282.4,245,TRUE,25.048,0,0,0.016,11594664,4362956,27.34,3182,3234,3295,3448,3253
1549883382039,m5.xlarge,16,4,gp2-600iops,896715246,1960001,457,965288,4055.8,238,TRUE,24.836,0,0.012,0,11592891.2,4364728.8,27.352,4170,4258,3990,3893,3968
1549883427143,m5.xlarge,16,4,gp2-600iops,896715246,1960001,457,1127458,4784.2,236,TRUE,24.284,0,0.05,0,11590484,4367136,27.368,4649,4577,4949,4888,4858
1549883518351,m5.xlarge,16,4,gp2-600iops,896715246,1960001,457,1289484,5334.6,242,TRUE,21.054,0,0.012,0.002,11587935.8,4369684.2,27.384,5539,5570,5173,5164,5227
1549883656947,m5.xlarge,16,4,gp2-600iops,896715246,1960001,457,1450485,5993,242,TRUE,17.006,0,0.006,0,11585242.4,4372377.6,27.4,6008,6149,6173,5755,5880
1549883817220,m5.xlarge,16,4,gp2-600iops,896715246,1960001,457,1610834,6564.8,245,TRUE,16.902,0,0.056,0.004,11582954,4374666,27.414,6544,6450,6556,6687,6587
1549883979861,m5.xlarge,16,4,gp2-600iops,896715246,1960001,457,1771964,7314.6,242,TRUE,17.118,0,0.004,0.004,11580005.8,4377614.2,27.434,7378,7325,7473,7249,7148
1549884128653,m5.xlarge,16,4,gp2-600iops,896715246,1960001,457,1932962,8340.6,232,TRUE,18.888,0,0.012,0.006,11578117,4379503,27.444,8061,7876,8477,8597,8692
1549897874633,documentdb-db.r4.large,15.25,2,unknown,1227600620,1980001,620.987,5470,107.6,51,TRUE,0.204,0,0.202,0,344321.6,3700718.4,91.488,95,85,113,125,120
1549897884784,documentdb-db.r4.large,15.25,2,unknown,1227600620,1980001,620.987,10883,158.6,69,TRUE,0.1,0,0,0,344396,3700644,91.486,166,154,154,155,164
1549897894939,documentdb-db.r4.large,15.25,2,unknown,1227600620,1980001,620.987,27332,372.6,73,TRUE,1.5,0,0.3,0,364156.8,3680883.2,90.998,376,370,371,374,372
1549897905115,documentdb-db.r4.large,15.25,2,unknown,1227600620,1980001,620.987,54684,773.2,71,TRUE,0.1,0,0.1,0,377336.8,3667703.2,90.67,780,773,776,774,763
1549897915312,documentdb-db.r4.large,15.25,2,unknown,1227600620,1980001,620.987,81740,1197.6,68,TRUE,0.2,0,0.1,0,377103.2,3667936.8,90.676,1237,1184,1191,1178,1198
1549897933583,documentdb-db.r4.large,15.25,2,unknown,1227600620,1980001,620.987,135718,2037.8,67,TRUE,0.15,0,0,0,377466.4,3667573.6,90.668,2026,2017,2062,2006,2078
1549897960393,documentdb-db.r4.large,15.25,2,unknown,1227600620,1980001,620.987,163074,2520.6,65,TRUE,0.134,0,0.068,0.034,377160.8,3667879.2,90.676,2512,2515,2525,2536,2515
1549898134261,documentdb-db.r4.large,15.25,2,unknown,1227600620,1980001,620.987,325366,7204.6,45,TRUE,0.044,0,0.132,0.002,378407.8,3666632.2,90.644,6702,6426,6717,9440,6738
1549898389443,documentdb-db.r4.large,15.25,2,unknown,1227600620,1980001,620.987,488334,14623,33,TRUE,0.034,0,0.01,0.008,381112.6,3663927.4,90.58,14549,14577,14569,14372,15048
1549898772519,documentdb-db.r4.large,15.25,2,unknown,1227600620,1980001,620.987,650875,21933.8,30,TRUE,0.062,0,0.012,0.006,383113.2,3661926.8,90.528,22297,19997,23071,22722,21582
1549899325385,documentdb-db.r4.large,15.25,2,unknown,1227600620,1980001,620.987,813976,32135.8,25,TRUE,0.16,0,0.02,0.002,383290.2,3661749.8,90.524,31921,32780,33801,30692,31485
1549900039585,documentdb-db.r4.large,15.25,2,unknown,1227600620,1980001,620.987,976784,41210.8,24,TRUE,0.052,0,0.018,0.002,383399,3661641,90.522,41714,39861,42720,41693,40066
1549900892198,documentdb-db.r4.large,15.25,2,unknown,1227600620,1980001,620.987,1139884,51218,22,TRUE,0.056,0,0.014,0.006,384244.4,3660795.6,90.502,50021,49959,49642,52350,54118
1549901925946,documentdb-db.r4.large,15.25,2,unknown,1227600620,1980001,620.987,1302131,60329.6,22,TRUE,0.042,0,0.012,0.006,385856.8,3659183.2,90.462,61020,60214,59765,61036,59613
1549903139454,documentdb-db.r4.large,15.25,2,unknown,1227600620,1980001,620.987,1464921,71575.2,20,TRUE,0.048,0,0.008,0.006,392074.6,3652965.4,90.308,70738,71673,71371,72736,71358
1549904502020,documentdb-db.r4.large,15.25,2,unknown,1227600620,1980001,620.987,1627744,80939,20,TRUE,0.05,0,0.018,0.006,399511.8,3645528.2,90.124,79561,81940,82469,80348,80377
1549906064690,documentdb-db.r4.large,15.25,2,unknown,1227600620,1980001,620.987,1789951,93665.6,19,TRUE,0.052,0,0.014,0.008,359644,3685396,91.108,89631,94170,93566,95512,95449
1549907800295,documentdb-db.r4.large,15.25,2,unknown,1227600620,1980001,620.987,1952257,101540.6,19,TRUE,0.058,0,0.01,0.008,369689.8,3675350.2,90.86,102381,101199,99129,103013,101981
1549913480290,documentdb-db.r4.large,15.25,2,unknown,1227600620,1980001,620.987,26352,357.6,74,TRUE,0.1,0,0.1,0,547179.2,3497860.8,86.472,362,359,354,356,357
1549913515252,documentdb-db.r4.large,15.25,2,unknown,1227600620,1980001,620.987,53690,759.6,71,TRUE,0.402,0,0.2,0,548828,3496212,86.43,747,760,754,749,788
1549913546764,documentdb-db.r4.large,15.25,2,unknown,1227600620,1980001,620.987,80759,1187.2,68,TRUE,0.1,0,0,0,552744,3492296,86.336,1187,1210,1180,1186,1173
1549913605994,documentdb-db.r4.large,15.25,2,unknown,1227600620,1980001,620.987,134745,2021.2,67,TRUE,0.1,0,0,0,553109.6,3491930.4,86.326,2035,2043,2027,1998,2003
1549913643850,documentdb-db.r4.large,15.25,2,unknown,1227600620,1980001,620.987,162065,2491.4,65,TRUE,0.334,0,0.05,0.1,553360.8,3491679.2,86.32,2569,2437,2450,2479,2522
1549913856411,documentdb-db.r4.large,15.25,2,unknown,1227600620,1980001,620.987,324478,6006.2,54,TRUE,14.432,0,0.758,0.26,222435,3822605,94.5,7547,5665,5681,5647,5491
1549914117115,documentdb-db.r4.large,15.25,2,unknown,1227600620,1980001,620.987,487351,14141.6,34,TRUE,0.072,0,0.01,0.002,174203.4,3870836.6,95.694,14283,13845,14671,16204,11705
1549914539971,documentdb-db.r4.large,15.25,2,unknown,1227600620,1980001,620.987,649881,23680.4,27,TRUE,0.07,0,0.008,0.008,195847.2,3849192.8,95.16,25999,24587,22192,21668,23956
1549915095849,documentdb-db.r4.large,15.25,2,unknown,1227600620,1980001,620.987,813034,32074.4,25,TRUE,0.048,0,0.012,0.008,211836.8,3833203.2,94.764,33053,31499,34112,31189,30519
1549915812375,documentdb-db.r4.large,15.25,2,unknown,1227600620,1980001,620.987,975739,41440,24,TRUE,0.06,0,0.014,0.006,225389,3819651,94.428,43468,42260,40221,40627,40624
1549916665253,documentdb-db.r4.large,15.25,2,unknown,1227600620,1980001,620.987,1138852,51044.4,22,TRUE,0.144,0,0.012,0.006,239089.4,3805950.6,94.09,50211,51018,49797,52409,51787
1549917699037,documentdb-db.r4.large,15.25,2,unknown,1227600620,1980001,620.987,1301139,60413.4,22,TRUE,0.06,0,0.016,0.012,249417.2,3795622.8,93.836,61009,60018,61143,59772,60125
1549966421771,clickhouse-t2.medium,4,2,ebs-gp2-300-iops,174100600,1979101,88,5590,253.4,22,,9.942,0,5.422,0,301141.6,3743846.4,92.558,252,249,250,254,262
1549966431900,clickhouse-t2.medium,4,2,ebs-gp2-300-iops,174100600,1979101,88,11098,254.2,44,,9.238,0,6.122,0,308472.8,3736515.2,92.372,254,250,256,254,257
1549966442034,clickhouse-t2.medium,4,2,ebs-gp2-300-iops,174100600,1979101,88,27301,257,106,,10.362,0,5.944,0,306940.8,3738047.2,92.414,251,257,255,262,260
1549966452149,clickhouse-t2.medium,4,2,ebs-gp2-300-iops,174100600,1979101,88,54511,259.8,210,,9.556,0,5.932,0,336226.4,3708761.6,91.69,260,262,258,263,256
1549966462276,clickhouse-t2.medium,4,2,ebs-gp2-300-iops,174100600,1979101,88,1901814,347.2,5478,,18.274,0,6.226,0,329755.2,3715232.8,91.848,349,344,344,349,350
1549966472405,clickhouse-t2.medium,4,2,ebs-gp2-300-iops,174100600,1979101,88,1901814,347.2,5478,,18.208,0,6.132,0,333576,3711412,91.756,346,350,344,350,346
1549966482530,clickhouse-t2.medium,4,2,ebs-gp2-300-iops,174100600,1979101,88,1901814,346.8,5484,,18.306,0,6.334,0,331448.8,3713539.2,91.804,344,356,342,350,342
1549966492655,clickhouse-t2.medium,4,2,ebs-gp2-300-iops,174100600,1979101,88,320254,282,1136,,10.306,0,6.504,0,347296,3697692,91.416,281,283,278,287,281
1549966502774,clickhouse-t2.medium,4,2,ebs-gp2-300-iops,174100600,1979101,88,488532,275,1776,,12.05,0,5.62,0,339158.4,3705829.6,91.616,273,280,271,272,279
1549966512895,clickhouse-t2.medium,4,2,ebs-gp2-300-iops,174100600,1979101,88,645054,288,2240,,12.55,0,5.924,0,340503.2,3704484.8,91.582,288,285,289,293,285
1549966523023,clickhouse-t2.medium,4,2,ebs-gp2-300-iops,174100600,1979101,88,813696,306.2,2657,,13.84,0,5.718,0,322527.2,3722460.8,92.028,306,309,310,305,301
1549966533150,clickhouse-t2.medium,4,2,ebs-gp2-300-iops,174100600,1979101,88,977193,304,3214,,14.47,0,5.988,0,340665.6,3704322.4,91.58,305,304,300,307,304
1549966543274,clickhouse-t2.medium,4,2,ebs-gp2-300-iops,174100600,1979101,88,1134838,313.6,3619,,14.542,0,6.218,0,329456,3715532,91.854,308,317,319,310,314
1549966553399,clickhouse-t2.medium,4,2,ebs-gp2-300-iops,174100600,1979101,88,1302604,322.2,4043,,16.264,0,5.724,0,323948,3721040,91.992,323,326,318,323,321
1549966563528,clickhouse-t2.medium,4,2,ebs-gp2-300-iops,174100600,1979101,88,1459616,328.4,4445,,16.464,0,6.288,0,306076.8,3738911.2,92.434,327,330,326,334,325
1549966573660,clickhouse-t2.medium,4,2,ebs-gp2-300-iops,174100600,1979101,88,1628027,333.2,4886,,17.194,0,6.308,0,313456.8,3731531.2,92.252,330,330,339,335,332
1549966583786,clickhouse-t2.medium,4,2,ebs-gp2-300-iops,174100600,1979101,88,1774189,340,5218,,17.282,0,6.696,0,312149.6,3732838.4,92.28,351,335,335,334,345
1549966593914,clickhouse-t2.medium,4,2,ebs-gp2-300-iops,174100600,1979101,88,1901822,345.8,5500,,17.788,0,6.33,0,316327.2,3728660.8,92.182,344,341,348,350,346
1549969577806,clickhouse-m5.xlarge,16,4,gp2-600iops,418724414,4759101,88,5357,230.4,23,,5.05,0,2.748,0.05,11857362.4,4100257.6,25.694,228,233,223,236,232
1549969587999,clickhouse-m5.xlarge,16,4,gp2-600iops,418724414,4759101,88,10766,252,43,,6,0,2.35,0,11840696,4116924,25.798,237,232,348,208,235
1549969598098,clickhouse-m5.xlarge,16,4,gp2-600iops,418724414,4759101,88,26967,230.4,117,,4.558,0,2.304,0,11876847.2,4080772.8,25.572,229,230,224,235,234
1549969608201,clickhouse-m5.xlarge,16,4,gp2-600iops,418724414,4759101,88,53670,231.4,232,,4.838,0,2.792,0,11830372,4127248,25.86,228,236,237,221,235
1549969618305,clickhouse-m5.xlarge,16,4,gp2-600iops,418724414,4759101,88,1798744,327.6,5491,,9.29,0,2.898,0,11872964,4084656,25.596,325,330,323,317,343
1549969628416,clickhouse-m5.xlarge,16,4,gp2-600iops,418724414,4759101,88,1798744,347,5184,,10.738,0,3.048,0,11862503.2,4095116.8,25.662,293,343,342,423,334
1549969638524,clickhouse-m5.xlarge,16,4,gp2-600iops,418724414,4759101,88,1798745,347,5184,,9.62,0,3.256,0,11829018.4,4128601.6,25.872,337,409,343,314,332
1549969648631,clickhouse-m5.xlarge,16,4,gp2-600iops,418724414,4759101,88,315801,242.2,1304,,5.308,0,2.502,0,11842532,4115088,25.788,226,253,243,230,259
1549969658740,clickhouse-m5.xlarge,16,4,gp2-600iops,418724414,4759101,88,481144,274.6,1752,,6.356,0,2.35,0.05,11838266.4,4119353.6,25.816,274,265,344,237,253
1549969668848,clickhouse-m5.xlarge,16,4,gp2-600iops,418724414,4759101,88,637222,269.6,2364,,6.206,0,3.052,0,11860343.2,4097276.8,25.678,262,267,271,274,274
1549969678959,clickhouse-m5.xlarge,16,4,gp2-600iops,418724414,4759101,88,804035,275.2,2922,,6.556,0,2.702,0,11892485.6,4065134.4,25.474,258,274,279,283,282
1549969689062,clickhouse-m5.xlarge,16,4,gp2-600iops,418724414,4759101,88,966211,283.8,3405,,6.998,0,2.748,0,11893229.6,4064390.4,25.472,289,289,287,276,278
1549969699167,clickhouse-m5.xlarge,16,4,gp2-600iops,418724414,4759101,88,1122834,292,3845,,7.25,0,2.802,0,11901554.4,4056065.6,25.418,280,301,289,291,299
1549969709278,clickhouse-m5.xlarge,16,4,gp2-600iops,418724414,4759101,88,1289243,296.8,4344,,7.508,0,2.604,0,11877153.6,4080466.4,25.568,304,306,306,276,292
1549969719388,clickhouse-m5.xlarge,16,4,gp2-600iops,418724414,4759101,88,1444260,313.2,4611,,8.258,0,2.654,0,11889252.8,4068367.2,25.494,317,302,314,314,319
1549969729494,clickhouse-m5.xlarge,16,4,gp2-600iops,418724414,4759101,88,1610741,316.4,5091,,8.712,0,2.604,0,11870172,4087448,25.612,335,305,325,285,332
1549969739604,clickhouse-m5.xlarge,16,4,gp2-600iops,418724414,4759101,88,1755525,322.8,5438,,8.7,0,2.798,0,11863853.6,4093766.4,25.652,353,309,326,318,308
1549969749716,clickhouse-m5.xlarge,16,4,gp2-600iops,418724414,4759101,88,1798754,330.2,5447,,9.746,0,2.5,0,11872086.4,4085533.6,25.604,320,342,340,306,343
1549984976466,clickhouse-m5.xlarge,16,4,gp2-600iops,1777895164,20439101,88,54301,2021.4,27,,21.288,0,11.932,2.524,1121277.6,14836342.4,92.972,2165,2049,1914,1964,2015
1549984994588,clickhouse-m5.xlarge,16,4,gp2-600iops,1777895164,20439101,88,108797,1907.4,57,,20.054,0,10.132,0,1481224,14476396,90.72,1947,1870,1908,1906,1906
1549985012718,clickhouse-m5.xlarge,16,4,gp2-600iops,1777895164,20439101,88,273101,2004.2,136,,21.402,0,10.464,0.024,1423624.8,14533995.2,91.078,1935,2022,2023,2023,2018
1549985030841,clickhouse-m5.xlarge,16,4,gp2-600iops,1777895164,20439101,88,546493,1981.8,276,,21.22,0,9.934,0,1419988.8,14537631.2,91.1,1956,2003,2047,1982,1921
1549985058020,clickhouse-m5.xlarge,16,4,gp2-600iops,1777895164,20439101,88,18852548,2859.4,6593,,25.934,0,8.114,0,1212188.8,14745431.2,92.402,3023,2818,2689,2773,2994
1549985084914,clickhouse-m5.xlarge,16,4,gp2-600iops,1777895164,20439101,88,18852562,2833.8,6653,,26.894,0,7.906,0,1262976,14694644,92.086,2730,2969,2689,3054,2727
1549985111839,clickhouse-m5.xlarge,16,4,gp2-600iops,1777895164,20439101,88,18852578,2926.8,6441,,27.506,0,8.514,0.034,1210580.8,14747039.2,92.414,2770,2920,2957,2972,3015
1549985130110,clickhouse-m5.xlarge,16,4,gp2-600iops,1777895164,20439101,88,3224268,2131.2,1513,,22.536,0,9.756,0.024,1162728.8,14794891.2,92.712,2140,2131,2140,2131,2114
1549985148445,clickhouse-m5.xlarge,16,4,gp2-600iops,1777895164,20439101,88,4920467,2209,2227,,22.134,0,9.89,0,1176279.2,14781340.8,92.628,2220,2231,2240,2168,2186
1549985166867,clickhouse-m5.xlarge,16,4,gp2-600iops,1777895164,20439101,88,6508248,2288.8,2844,,22.2,0,9.936,0,1123957.6,14833662.4,92.956,2276,2233,2306,2292,2337
1549985185382,clickhouse-m5.xlarge,16,4,gp2-600iops,1777895164,20439101,88,8202660,2366,3467,,22.974,0,9.354,0,1145136.8,14812483.2,92.822,2370,2328,2425,2382,2325
1549985203938,clickhouse-m5.xlarge,16,4,gp2-600iops,1777895164,20439101,88,9843857,2386.2,4125,,22.902,0,9.524,0,1202201.6,14755418.4,92.466,2405,2418,2368,2374,2366
1549985222562,clickhouse-m5.xlarge,16,4,gp2-600iops,1777895164,20439101,88,11428661,2457.4,4651,,22.876,0,9.68,0,1113879.2,14843740.8,93.018,2468,2420,2380,2483,2536
1549985247330,clickhouse-m5.xlarge,16,4,gp2-600iops,1777895164,20439101,88,13124515,2622.2,5005,,24.334,0,7.732,0,1160757.6,14796862.4,92.726,2618,2777,2446,2562,2708
1549985274068,clickhouse-m5.xlarge,16,4,gp2-600iops,1777895164,20439101,88,14710890,2666.8,5516,,24.224,0,7.886,0,1188540,14769080,92.55,2586,2593,2649,2644,2862
1549985300927,clickhouse-m5.xlarge,16,4,gp2-600iops,1777895164,20439101,88,16405801,2862.4,5731,,27.684,0,7.384,0,1203460,14754160,92.46,2695,2902,2884,2825,3006
1549985327824,clickhouse-m5.xlarge,16,4,gp2-600iops,1777895164,20439101,88,17880322,2765.8,6465,,25.536,0,7.814,0,1195232.8,14762387.2,92.51,2741,2692,2698,2859,2839
1549985354828,clickhouse-m5.xlarge,16,4,gp2-600iops,1777895164,20439101,88,18852744,2828.4,6666,,26.748,0,7.758,0,1244017.6,14713602.4,92.206,2842,2890,2789,2899,2722
1549990721097,m5.xlarge,16,4,gp2-600iops,9131896113,19960001,457,52875,462.2,114,TRUE,11.376,0,1.048,0.05,231504.8,15726115.2,98.55,1044,372,313,291,291
1549990731264,m5.xlarge,16,4,gp2-600iops,9131896113,19960001,457,107372,832,129,TRUE,19.542,0,0.95,0,243454.4,15714165.6,98.474,1336,1018,643,587,576
1549990763206,m5.xlarge,16,4,gp2-600iops,9131896113,19960001,457,271202,3157.6,86,TRUE,22.39,0,1.378,0,270856,15686764,98.304,3751,3532,3032,2857,2616
1549990911182,m5.xlarge,16,4,gp2-600iops,9131896113,19960001,457,544180,8828.6,62,TRUE,20.06,0,1.564,0,293278.2,15664341.8,98.164,7691,9014,9280,8904,9254
1549991155459,m5.xlarge,16,4,gp2-600iops,9131896113,19960001,457,817403,14474.2,56,TRUE,21.098,0,1.758,0.004,332198.6,15625421.4,97.918,13902,14447,14875,14624,14523
1549991570098,m5.xlarge,16,4,gp2-600iops,9131896113,19960001,457,1364577,23955.4,57,TRUE,20.542,0,1.632,0.002,391150.6,15566469.4,97.55,24091,24118,24442,23659,23467
1549992058589,m5.xlarge,16,4,gp2-600iops,9131896113,19960001,457,1637649,27858.4,59,TRUE,20.024,0,1.952,0.018,753150,15204470,95.282,27868,27890,27695,27790,28049
1549992995097,m5.xlarge,16,4,gp2-600iops,9131896113,19960001,457,3278989,55452,59,TRUE,21.416,0,1.686,0,842962.4,15114657.6,94.718,55336,55278,55588,55281,55777
1549994420225,m5.xlarge,16,4,gp2-600iops,9131896113,19960001,457,4921428,83240,59,TRUE,21.044,0,1.8,0,844768,15112852,94.706,83450,83055,83306,82855,83534
1549996314718,m5.xlarge,16,4,gp2-600iops,9131896113,19960001,457,6561730,111278.2,59,TRUE,21.386,0,1.776,0,962470,14995150,93.966,112099,110580,111839,110777,111096
1549998697637,m5.xlarge,16,4,gp2-600iops,9131896113,19960001,457,8201372,139387.4,59,TRUE,20.912,0,1.862,0,1161048.8,14796571.2,92.726,140110,138735,139274,139333,139485
1550001538950,m5.xlarge,16,4,gp2-600iops,9131896113,19960001,457,9841266,166787.4,59,TRUE,21.448,0,1.786,0,1211696.8,14745923.2,92.406,167953,166865,166384,166223,166512